beat_index,beat_time_sec,ch0.r_amp,ch0.s_amp,ch0.rs_ratio,ch0.qrs_max_slope,ch0.qrs_area,ch0.qrs_energy,ch0.st_j,ch0.st_60ms,ch0.st_80ms,ch0.t_peak_amp,ch0.t_area,ch0.qrs_notches,ch0.qrs_is_fragmented,ch0.waveE_L1,ch0.waveE_L2,ch0.waveE_L3,ch0.waveE_L4,ch0.waveE_L5,morph_corr_allleads,ST60_max_abs,ST60_max_lead,ST80_max_abs,ST80_max_lead
0,8.13,256.6510377632576,-78.76347090619295,3.2585034002491864,34207.16151390732,5.250673302166169,356642.86836485745,-5.954176007578866,36.82961697839612,63.102912679980115,258.55230908952626,2.088521964143625,1.0,0.0,,,,,,0.5346339719610117,36.82961697839612,ch0.st_60ms,63.102912679980115,ch0.st_80ms
1,18.122,271.0410565941096,-76.04674684284315,3.5641374266046935,35601.829849182155,5.413725507677626,391039.0561896881,0.22937063482453013,21.081678941566476,34.7102439856361,236.8494946224461,3.922402061550819,1.0,0.0,,,,,,0.5998030670748552,21.081678941566476,ch0.st_60ms,34.7102439856361,ch0.st_80ms
2,26.55,268.14368468900057,-67.09605708197269,3.996414936296535,33973.58601992933,5.285770947601136,389487.930029177,1.3705492543593643,24.35213619212489,44.264928129918275,277.6636073967062,6.148801325370377,2.0,1.0,,,,,,0.5090548525369185,24.35213619212489,ch0.st_60ms,44.264928129918275,ch0.st_80ms
3,26.916,271.0404176871362,-79.88600648603659,3.39283974264644,35835.10007060584,5.442768256291229,394227.0006785001,2.8965370407682336,38.02406142215976,65.37800487421127,178.69327663771625,-14.52784216371717,1.0,0.0,,,,,,0.6426590741128111,38.02406142215976,ch0.st_60ms,65.37800487421127,ch0.st_80ms
4,33.56,274.5002718384896,-80.22643139277304,3.4215690150118925,36255.21422025273,5.482926877922817,400585.99414370145,-2.5622567712726365,18.303735551604735,37.38890745765936,254.09690431709956,3.9104908496014272,1.0,0.0,,,,,,0.5713908827066719,18.303735551604735,ch0.st_60ms,37.38890745765936,ch0.st_80ms
5,35.04,268.0490250518392,-75.78099428273822,3.5371537096986434,34896.84037173294,5.429261688453252,386837.6377023033,-5.457342339600251,12.304077992385341,27.789587666287197,214.03092646465245,0.7112098162702951,2.0,1.0,,,,,,0.6155665134020732,12.304077992385341,ch0.st_60ms,27.789587666287197,ch0.st_80ms
6,40.514,198.83231470843353,-49.37056738749739,4.027345141647812,26699.47512147072,5.306832574526235,251785.84887500736,6.438521242295179,-105.2912064041062,-28.498857342794317,187.24665124769726,-4.36074464696519,1.0,0.0,,,,,,0.5146739271453256,105.2912064041062,ch0.st_60ms,28.498857342794317,ch0.st_80ms
7,42.352,456.74748779328945,196.51303097125012,2.3242605619375523,30574.97422071484,20.82113689877937,2827034.459023706,196.51303097125012,133.90311224890698,78.52482548487784,371.03996475263,21.88736217747785,0.0,0.0,,,,,,0.41572108323548146,133.90311224890698,ch0.st_60ms,78.52482548487784,ch0.st_80ms
8,42.688,351.57750849038496,351.57750849038496,1.0,37541.06364252133,15.37896497515903,1646590.810070878,351.57750849038496,8.566449976517866,-39.29339711531136,353.59543883867644,-1.5391468614808226,1.0,0.0,,,,,,0.305983656279137,8.566449976517866,ch0.st_60ms,39.29339711531136,ch0.st_80ms
9,44.034,118.40356253325461,-227.265266665723,0.5209927776047297,34670.79982370879,11.191749255619753,752172.3075459135,-96.34855502440972,-88.79705514430579,-11.755938109403388,368.84021767155593,11.937478180978898,3.0,1.0,,,,,,-0.1291022581265062,88.79705514430579,ch0.st_60ms,11.755938109403388,ch0.st_80ms
10,44.388,373.2501387399537,46.81897167886612,7.9721985630119505,30599.902631113237,13.275233165744618,1199663.0664343154,47.28622767697419,-19.193554433618527,115.09547634842926,282.5537594909671,6.348668476521718,0.0,0.0,,,,,,0.26816838930278863,19.193554433618527,ch0.st_60ms,115.09547634842926,ch0.st_80ms
11,44.942,85.88225855939714,85.88225855939714,1.0,8612.400273264655,14.445297199332781,1111014.8929269344,85.88225855939714,-54.54273466696216,-37.73867749510343,-348.1852790735202,-64.8486551392127,1.0,0.0,,,,,,0.5484254674795508,54.54273466696216,ch0.st_60ms,37.73867749510343,ch0.st_80ms
12,45.712,-120.35665946810565,-120.35665946810565,-1.0,5425.728242330877,12.735712219310992,750896.4755166902,-120.35665946810565,-195.75193844690028,-195.51080361082978,-2196.9909506877125,-28.399129045099432,1.0,0.0,,,,,,0.3121318681762567,195.75193844690028,ch0.st_60ms,195.51080361082978,ch0.st_80ms
13,46.124,3637.342230682688,2685.9539697288637,1.3542086989114943,182751.51643642347,248.499627203074,352197151.8743992,2685.9539697288637,2860.1031163717203,2864.6779329858527,9410.1488765102,2209.247875582744,0.0,0.0,,,,,,-0.1588294003823302,2860.1031163717203,ch0.st_60ms,2864.6779329858527,ch0.st_80ms
14,46.768,4242.8352611747005,4242.8352611747005,1.0,31830.74283422411,293.5130384484857,431123587.753773,4242.8352611747005,6241.545315031813,6936.272928322246,12247.543176423333,292.9009281179159,0.0,0.0,,,,,,0.43230986708870667,6241.545315031813,ch0.st_60ms,6936.272928322246,ch0.st_80ms
15,46.93,7244.564866731562,-28936.334945372495,0.25036221347341414,2971659.9010907067,815.8021344807768,5996303545.973755,-27644.359786702073,-24311.8454942451,-23611.299524789443,-22920.473785568494,-6861.4091351822435,2.0,1.0,,,,,,0.33666331133432503,24311.8454942451,ch0.st_60ms,23611.299524789443,ch0.st_80ms
16,47.32,3911.373888858825,3911.373888858825,1.0,25285.895123065984,465.6461075103096,955477192.5412672,5152.981510084308,6213.783076710915,6528.7129824374715,6824.996214539717,3139.0341707588523,0.0,0.0,,,,,,-0.32493081083067227,6213.783076710915,ch0.st_60ms,6528.7129824374715,ch0.st_80ms
17,69.818,-2694.439501404489,-4043.09552726452,-0.6664298390267059,23779.304665571544,326.6092212090412,485944310.4582103,-4043.09552726452,-5550.469997187838,-6086.263261995407,23900.85379607304,-949.0246761120482,0.0,0.0,,,,,,0.033290403463690575,5550.469997187838,ch0.st_60ms,6086.263261995407,ch0.st_80ms
18,70.138,30763.261136830086,29309.152030647663,1.0496128002837444,2981880.280781119,682.622710692302,6251994475.288386,29309.152030647663,-6919.539189303805,-7603.950530407081,26343.234046984773,523.2392080772227,0.0,0.0,,,,,,0.034927246212133486,6919.539189303805,ch0.st_60ms,7603.950530407081,ch0.st_80ms
19,70.34,18393.44621125321,18393.44621125321,1.0,2940503.9568765378,2135.0338355313693,20639099341.41682,18393.44621125321,16678.36817901609,16192.81276274049,-24955.07804019698,4283.837785217174,0.0,0.0,,,,,,0.1833822338651902,16678.36817901609,ch0.st_60ms,16192.81276274049,ch0.st_80ms
20,70.8,-245.78694425140566,-36910.27266119844,-0.0066590389756125195,2974729.430798736,689.6928459019888,9142151128.795784,-35817.025835609275,-34551.00425995996,-22219.152633470338,-1510.241465403753,-379.48860593217256,6.0,1.0,,,,,,-0.0695618501593974,34551.00425995996,ch0.st_60ms,22219.152633470338,ch0.st_80ms
21,71.0,12362.64305027879,12362.64305027879,1.0,2883984.745399809,1570.5802595628222,11646878936.440022,12362.64305027879,11169.504205307421,10952.897600607817,11012.158215571522,4008.869893580426,0.0,0.0,,,,,,0.0731826804282246,11169.504205307421,ch0.st_60ms,10952.897600607817,ch0.st_80ms
22,71.568,2035.614439848243,427.13323661395236,4.7657598738635585,2524297.1201994577,368.2880555107878,2554198493.8614597,427.13323661395236,-263.6014013736365,-415.7715775657579,-33.6653811648942,-115.53114348020236,4.0,1.0,,,,,,0.029036628683715295,263.6014013736365,ch0.st_60ms,415.7715775657579,ch0.st_80ms
23,71.83,70.45300703017423,-360.90113308502924,0.19521414750885618,24510.583488499615,29.036847454189633,4387240.655066792,-268.75070028186644,-305.1811494184145,-143.54603708455838,-820.5556219962854,-108.82261131173392,8.0,1.0,,,,,,0.04137128416459853,305.1811494184145,ch0.st_60ms,143.54603708455838,ch0.st_80ms
24,72.216,-106.12332356039647,-322.1007234246905,-0.3294724781492423,20374.18812929782,13.280757598355075,1110044.39901386,-316.51581739870807,-497.70140882811614,-716.6045799788818,-754.2835853405318,-48.52595023624214,4.0,1.0,,,,,,-0.08357550546177334,497.70140882811614,ch0.st_60ms,716.6045799788818,ch0.st_80ms
25,72.814,174.27551694824035,106.51241984511846,1.6361990198106229,19564.34732737881,10.331849772081652,854811.3756694773,106.51241984511846,-48.79916821830704,-243.04261631015726,-304.908510035869,-45.0572075802455,1.0,0.0,,,,,,0.45168220254912744,48.79916821830704,ch0.st_60ms,243.04261631015726,ch0.st_80ms
26,73.098,125.48066580057355,-84.46759453193705,1.4855479961978735,21656.837536955933,3.815545472824612,126702.1291182992,-80.05713734846537,-96.21326131748955,-204.78665700283196,-257.3444807311172,-8.412070701604703,1.0,0.0,,,,,,0.2770495690075215,96.21326131748955,ch0.st_60ms,204.78665700283196,ch0.st_80ms
27,73.478,177.7162466319835,-4.682882939839011,37.95017917703769,28116.722315866333,11.129494113228661,819108.0664964856,-2.103313401835159,114.6643772796609,36.96152456698652,285.61706971000405,7.324093821152717,3.0,1.0,,,,,,-0.07877725025813086,114.6643772796609,ch0.st_60ms,36.96152456698652,ch0.st_80ms
28,73.67,243.24797049866777,175.79351464773228,1.383714131810298,22900.190008183927,8.552843113042952,638383.4105412523,183.9087035442475,136.74746489388784,77.30423221461477,239.00783082634655,28.335928486078096,0.0,0.0,,,,,,0.26181721781430556,136.74746489388784,ch0.st_60ms,77.30423221461477,ch0.st_80ms
29,74.098,122.22495912706772,118.11135313095811,1.034828201413869,16563.884760598357,10.65513196995001,1253827.6435798912,118.11135313095811,-82.77816514007841,-273.12726589556746,-5806.121859837491,-60.82600503431486,2.0,1.0,,,,,,0.12283223010867224,82.77816514007841,ch0.st_60ms,273.12726589556746,ch0.st_80ms
30,74.286,938.6527005162433,-5682.180670651739,0.16519233634445155,738914.8262229916,97.20997170670499,155189706.943291,298.60923384700476,40.70840635280413,33.239609412141036,317.4828515047543,5.151590431073181,4.0,1.0,,,,,,0.0608704752805793,40.70840635280413,ch0.st_60ms,33.239609412141036,ch0.st_80ms
31,74.55,285.8099834604558,114.92547173640654,2.486915904213041,24786.229972600522,9.816293241175408,827634.0676531424,117.31045522915772,202.8856826268259,110.42991094439023,-323.4510562739372,6.680201447178098,1.0,0.0,,,,,,0.4102845726518171,202.8856826268259,ch0.st_60ms,110.42991094439023,ch0.st_80ms
32,74.844,98.10817483330779,-409.93057815252854,0.23932875482346505,37475.88828186795,22.928080100075075,2446111.6176489107,29.28896869973279,-46.73577482731955,114.9804532938909,155.1986549923484,-19.587008649561447,6.0,1.0,,,,,,0.18002992992652161,46.73577482731955,ch0.st_60ms,114.9804532938909,ch0.st_80ms
33,75.264,262.53908746381455,72.97597189216508,3.5976100167841896,25464.004456851242,5.7213523742209915,488248.1174156235,72.97597189216508,65.13368325623875,-75.92069419806421,-903.1945194765897,-36.01300770767416,1.0,0.0,,,,,,0.31402856439720805,65.13368325623875,ch0.st_60ms,75.92069419806421,ch0.st_80ms
34,75.582,524.0980509049022,-823.1120603893146,0.6367274592684438,66850.20049731991,48.05462652511342,10855956.580267288,-823.1120603893146,-222.12048922589287,-298.36253691249345,-1625.478675516348,-101.72313986412871,0.0,0.0,,,,,,0.31668002513115867,222.12048922589287,ch0.st_60ms,298.36253691249345,ch0.st_80ms
35,75.962,1503.507930309418,756.1336695936061,1.9884155285896712,203885.57871760082,53.49300685920882,25012335.87278641,756.1336695936061,-256.8496755221446,-352.825637929688,-2178.3177418328555,-222.44956893320543,0.0,0.0,,,,,,0.6706166997189759,256.8496755221446,ch0.st_60ms,352.825637929688,ch0.st_80ms
36,76.288,-131.26527906615024,-131.26527906615024,-1.0,34082.7526711775,7.403667191049211,380736.19754752883,-131.26527906615024,-619.8459860815958,-1890.6576389092095,-1498.9681983320595,-40.56436571326414,6.0,1.0,,,,,,-0.1324651417823814,619.8459860815958,ch0.st_60ms,1890.6576389092095,ch0.st_80ms
37,76.896,2433.573655979906,1769.4410674819392,1.3753346752842595,73825.8883213698,274.31431564049035,297499786.2575145,3613.8981708585598,5476.717976730831,5023.414724944471,17749.04788355755,2557.000237886138,0.0,0.0,,,,,,-0.34514741680531097,5476.717976730831,ch0.st_60ms,5023.414724944471,ch0.st_80ms
38,77.196,2500.854720045826,2500.854720045826,1.0,32610.685902212936,99.4020161403566,85140318.2952099,2500.854720045826,4529.174731168457,5235.8513177240975,12753.66820537607,336.9059363328503,0.0,0.0,,,,,,0.40656802592301544,4529.174731168457,ch0.st_60ms,5235.8513177240975,ch0.st_80ms
39,77.364,9290.337228975171,-26744.56030356436,0.3473729656993841,2959983.591689806,881.0443935777095,5748742238.793711,-25453.653071213426,-22075.577969151313,-21358.28104724484,-20650.52086656666,-5887.804379935866,0.0,0.0,,,,,,0.3535575379134964,22075.577969151313,ch0.st_60ms,21358.28104724484,ch0.st_80ms
40,77.754,4110.874745153525,4110.874745153525,1.0,26212.46674261556,489.47484690016574,1054806318.4821739,5401.08740662743,6499.631984105479,6823.613883928998,9280.939873153064,2570.8970474647494,0.0,0.0,,,,,,-0.3220190336041549,6499.631984105479,ch0.st_60ms,6823.613883928998,ch0.st_80ms
41,78.682,-3015.8214224760977,-4553.461805931611,-0.6623139824182799,27190.353140499155,365.8351205295568,610936645.5474811,-4553.461805931611,-6282.221548353268,-6899.043304362647,21387.038914333112,-2106.1727819023195,0.0,0.0,,,,,,0.18140274356000896,6282.221548353268,ch0.st_60ms,6899.043304362647,ch0.st_80ms
42,79.07,31000.763706100042,29996.379596785504,1.0334835111041925,3141680.8875442967,741.7152503877552,6684364868.706987,29996.379596785504,25026.104366900094,24100.281933591512,23222.918151293303,3925.698012685888,0.0,0.0,,,,,,0.18705268523018526,25026.104366900094,ch0.st_60ms,24100.281933591512,ch0.st_80ms
43,79.346,-4414.0578941812255,-5304.384923316139,-0.8321526356012813,110148.83240457266,346.2902821838665,757105144.5459551,-5282.5509450836735,-6783.864657705075,-7154.683103032912,-7247.4697741689315,-1726.0302331382134,0.0,0.0,,,,,,0.31572741145735206,6783.864657705075,ch0.st_60ms,7154.683103032912,ch0.st_80ms
44,79.724,-2120.958271082357,-2367.597783205826,-0.8958271063298983,34246.10595943193,189.79133780725385,175185802.8776207,-2367.597783205826,-3181.251936770049,-4579.886285355171,-4575.833175992484,-1195.6905028389033,0.0,0.0,,,,,,0.13747448715953534,3181.251936770049,ch0.st_60ms,4579.886285355171,ch0.st_80ms
45,80.134,807.6918342381576,-1455.8104171628925,0.5548056427650799,184463.90940923674,54.30224456978655,23727858.9397349,-1180.6527749183492,-1462.3888418133874,-1101.265849393587,-1152.200349691077,-89.53954166250985,1.0,0.0,,,,,,0.32668095074970926,1462.3888418133874,ch0.st_60ms,1101.265849393587,ch0.st_80ms
46,80.57,756.2921586329364,518.9862637155666,1.4572488936767443,23709.17951528695,47.6629414071997,15086967.141329147,609.7674351631363,460.0372293419483,402.977794890875,-10900.727815222592,-55.42475841371079,0.0,0.0,,,,,,0.07098040695525201,460.0372293419483,ch0.st_60ms,402.977794890875,ch0.st_80ms
47,80.874,1663.0259361246221,634.1608939077246,2.622403797050604,1418484.8654763154,173.87269091699793,640023315.1394393,634.1608939077246,823.9937408710744,524.9523462721588,-28.135337283641377,130.05780590354613,4.0,1.0,,,,,,0.03145961727064494,823.9937408710744,ch0.st_60ms,524.9523462721588,ch0.st_80ms
48,81.366,513.6250629171284,513.6250629171284,1.0,19414.371999385567,16.14154674779336,3105002.210669255,513.6250629171284,694.9980362195735,860.8536931835487,929.7503454888962,57.67406784389011,0.0,0.0,,,,,,0.14144715738233618,694.9980362195735,ch0.st_60ms,860.8536931835487,ch0.st_80ms
49,81.61,-96.67462180192001,-295.74574982841034,-0.3268842303161075,22632.305342204545,18.885042252225414,2552482.2298673065,-263.2090100400566,-374.69618081037584,-222.1605328775491,-11793.78190363124,-235.76623493428713,3.0,1.0,,,,,,0.09973512024144199,374.69618081037584,ch0.st_60ms,222.1605328775491,ch0.st_80ms
50,81.986,1720.1438006731485,-11366.54861131299,0.1513338709483994,1435835.0736491971,188.92555116836982,645297731.7894446,525.9390583166509,218.4784648539989,303.996246344556,426.72090794600786,14.342008715390342,4.0,1.0,,,,,,0.049786814288182435,218.4784648539989,ch0.st_60ms,303.996246344556,ch0.st_80ms
51,82.634,798.4417635694189,552.2305349211335,1.4458486321902642,731542.2949070127,93.53826094652177,164986034.31566548,552.2305349211335,82.86404913082625,100.68524859937641,-5979.36034155759,-32.25797609846365,4.0,1.0,,,,,,0.05321884676565059,82.86404913082625,ch0.st_60ms,100.68524859937641,ch0.st_80ms
52,83.076,567.7200751232966,-10.545446666468251,53.83556458812667,733290.6679375374,93.20622862564419,178459425.46408728,-10.545446666468251,-143.23265675178305,-127.96670977227659,12.084315321606056,-4.3822890346322065,5.0,1.0,,,,,,0.056627631667721785,143.23265675178305,ch0.st_60ms,127.96670977227659,ch0.st_80ms
53,85.392,1550.7643633089522,-11589.5685816545,0.13380691027306288,1437886.282806569,175.92603077061514,671045998.2314582,476.48812755536073,16.456344308448223,37.94456001382676,153.8005585676237,2.3609191381066417,4.0,1.0,,,,,,0.028386731823040332,16.456344308448223,ch0.st_60ms,37.94456001382676,ch0.st_80ms
54,86.81,1515.341101960826,-11595.310859978437,0.13068568150174148,1437247.6855014502,180.06740822411598,670524536.0693678,316.0449064221212,146.30524606202886,177.5619205385483,137.9941765210432,1.8954864810279537,4.0,1.0,,,,,,0.028889576544475055,146.30524606202886,ch0.st_60ms,177.5619205385483,ch0.st_80ms
55,87.05,22.162918791886653,-147.3680251871773,0.15039163864574254,17505.540712420043,5.247016767727056,253280.1533799654,-139.14401815782344,-74.41938528032733,-136.96761740140997,20.625096711514487,-10.761402435423483,6.0,1.0,,,,,,0.23078897817287755,74.41938528032733,ch0.st_60ms,136.96761740140997,ch0.st_80ms
56,87.554,119.99964394906993,-74.91701519530659,1.601767550885926,20562.320249670585,5.608948850389112,167240.78718240344,-57.789872978062746,12.691138335983801,-47.789517342580375,91.243346799873,-22.56468840091084,4.0,1.0,,,,,,0.44257216077121625,12.691138335983801,ch0.st_60ms,47.789517342580375,ch0.st_80ms
57,87.956,126.49237623908826,-49.19204332352016,2.5713991062983257,25156.274490254014,6.043666475970569,233587.13412704217,15.548122522480195,-46.60650116429117,-41.24165663748919,106.99765423248465,-0.2242665028669586,3.0,1.0,,,,,,0.30335298912860037,46.60650116429117,ch0.st_60ms,41.24165663748919,ch0.st_80ms
58,88.656,73.87362862492719,-3.386193887053576,21.816124855510488,15736.444215582915,10.067069404082636,502933.8738119229,15.951687437832327,9.632336366837535,38.55982062789431,130.62590930329122,4.371087575350867,7.0,1.0,,,,,,0.18994225624055489,9.632336366837535,ch0.st_60ms,38.55982062789431,ch0.st_80ms
59,101.268,144.0814302454445,-123.36868833096162,1.1678930220844752,24804.775529084018,8.83955326390708,379248.02675280767,-111.66877727428991,-113.29341195157085,-134.92239678468943,-213.05057788016217,-10.815601095037637,4.0,1.0,,,,,,0.45988429699901007,113.29341195157085,ch0.st_60ms,134.92239678468943,ch0.st_80ms
60,103.076,1038.4636476563182,475.636891285617,2.18331182185935,738161.9934538244,97.31103608599169,156301342.78033707,475.636891285617,555.6401712438823,653.7970139710543,-23276.17618495863,426.89630513532336,3.0,1.0,,,,,,-0.15815376314166024,555.6401712438823,ch0.st_60ms,653.7970139710543,ch0.st_80ms
61,103.482,413.60025364139847,413.60025364139847,1.0,11730.917670872714,32.34307400263549,5062015.971275641,413.60025364139847,676.402138833068,2507.4178222968662,-34558.662428447475,-1899.373650077412,0.0,0.0,,,,,,0.00916482953116295,676.402138833068,ch0.st_60ms,2507.4178222968662,ch0.st_80ms
62,103.562,2247.397511167322,-34815.53062599195,0.06455158002071353,3011144.7402261654,539.7529856446585,7865926153.5250025,-33631.875024767505,2120.6551635099545,168.27406332917053,266.3486701074976,4.5033537932647985,3.0,1.0,,,,,,-0.11739963742925624,2120.6551635099545,ch0.st_60ms,168.27406332917053,ch0.st_80ms
63,103.826,-221.18959362478336,-424.4009200787207,-0.5211807589478261,17788.325918412625,28.92296223586888,3747826.242538715,-418.5031757623019,-620.9592404428108,-702.3287043974465,-758.461233882618,-54.38068161356106,0.0,0.0,,,,,,0.38066349224491997,620.9592404428108,ch0.st_60ms,702.3287043974465,ch0.st_80ms
64,108.794,136.13911257613353,51.452036861317964,2.6459421410872066,13214.54327650882,6.234856766953611,369122.4877373447,90.93230743686856,48.2581251891975,80.09730263359963,-5735.085830729466,2.0992894497826775,1.0,0.0,,,,,,-0.05489485621506386,48.2581251891975,ch0.st_60ms,80.09730263359963,ch0.st_80ms
65,109.2,93.72823763550502,93.72823763550502,1.0,13753.37653252052,4.568790354139366,154565.14378084338,93.72823763550502,166.43102401572247,409.9180706445993,-17155.190048178087,-204.73907955964367,3.0,1.0,,,,,,0.081688501945635,166.43102401572247,ch0.st_60ms,409.9180706445993,ch0.st_80ms
66,109.452,1943.8886688582247,417.9584628743356,4.650913527363313,2063159.1218057692,263.3513342173383,1460728719.631852,417.9584628743356,110.29735043130921,72.16281351536969,-11690.286228625255,-113.40575810889938,4.0,1.0,,,,,,0.039061923172303746,110.29735043130921,ch0.st_60ms,72.16281351536969,ch0.st_80ms
67,109.948,1425.407675528229,361.86305013448197,3.9390804753303597,1439810.434525929,176.26908756494012,686917876.4979556,361.86305013448197,-67.1729839859087,-69.25606740746042,-55.264579140705564,-3.809876021807113,4.0,1.0,,,,,,0.05583261826632908,67.1729839859087,ch0.st_60ms,69.25606740746042,ch0.st_80ms
68,114.878,2793.161270297585,1093.0135603086928,2.5554680854176506,2589664.8145483243,337.7719987103022,2447231024.623919,1093.0135603086928,218.4612310236198,301.02553444732246,-20597.261606872944,-354.2150975663702,4.0,1.0,,,,,,0.09073483997020727,218.4612310236198,ch0.st_60ms,301.02553444732246,ch0.st_80ms
69,115.048,2475.368706780918,-20807.439575793713,0.11896556026338927,2375654.257083187,503.4478286358195,2947062323.815916,308.9129599543626,-43.36115436645309,112.51565533242524,309.4110771683529,73.60085440356627,6.0,1.0,,,,,,-0.025143698462059452,43.36115436645309,ch0.st_60ms,112.51565533242524,ch0.st_80ms
70,115.784,2463.457610785673,748.7872452650615,3.2899299852705677,2626620.5356464386,753.3671619830396,5812348186.908051,748.7872452650615,-136.53264556974557,-212.07940431457007,-174.13525786741945,-25.167122992158088,9.0,1.0,,,,,,0.05042064963388151,136.53264556974557,ch0.st_60ms,212.07940431457007,ch0.st_80ms
71,115.96,40.715557465149345,-161.69475160794366,0.25180506516297524,21117.880934269295,6.57957450718088,285963.22380952997,-149.94940997598883,-200.72737461594522,-274.6259158071549,-258.3502509076362,-29.772368015974845,4.0,1.0,,,,,,0.43524337678276415,200.72737461594522,ch0.st_60ms,274.6259158071549,ch0.st_80ms
72,129.292,266.0210740597265,266.0210740597265,1.0,19479.874725517093,17.96531392631632,2186179.4676852487,358.0580792195755,349.35879401631047,298.5176439314099,325.6637824233964,12.722232718813457,0.0,0.0,,,,,,0.4193624379458956,349.35879401631047,ch0.st_60ms,298.5176439314099,ch0.st_80ms
73,132.982,1542.2705413110605,-10858.318858600123,0.1420358493239066,1327058.5058753565,190.7486085170672,587266569.3176095,737.8785885416712,622.8482394773009,640.2909404472884,-36188.11415378156,-1277.330953842358,4.0,1.0,,,,,,0.15530047032710248,622.8482394773009,ch0.st_60ms,640.2909404472884,ch0.st_80ms
74,133.216,4106.743207228507,-36775.896793895794,0.11166942386868348,3251640.6729275985,1480.1466529747522,18905865978.04053,1121.2667695908008,92.21098613708159,62.803812189562905,29.99354749431086,0.3155613398590913,5.0,1.0,,,,,,-0.1281065993013088,92.21098613708159,ch0.st_60ms,62.803812189562905,ch0.st_80ms
75,133.35,138.8801045771197,138.8801045771197,1.0,116011.94855832978,6.663981668372306,575312.8486959896,138.8801045771197,20.1292970751374,-33.733547376614524,-73.54153723554896,-12.284399612106583,4.0,1.0,,,,,,0.022204051067443404,20.1292970751374,ch0.st_60ms,33.733547376614524,ch0.st_80ms
76,133.622,-246.83403538823063,-246.83403538823063,-1.0,5579.09111013339,11.275174599592663,990085.7691961296,-246.83403538823063,-318.4550140620147,-335.338531921627,-22679.766090272682,-673.4503779592209,0.0,0.0,,,,,,0.15476425698024399,318.4550140620147,ch0.st_60ms,335.338531921627,ch0.st_80ms
77,134.0,2371.3472109254435,654.0517571341084,3.625626236853327,2605010.9226321513,646.769401047842,4784417631.158481,654.0517571341084,-334.77508239845986,-344.9478785571904,-363.50250350807823,0.0,8.0,1.0,,,,,,0.05074677006639354,334.77508239845986,ch0.st_60ms,344.9478785571904,ch0.st_80ms
78,144.262,170.76707446959244,-51.49746157117587,3.316028970351698,16395.50528614082,16.363212124791215,843927.1731379908,-51.49746157117587,127.24188607555737,8.511929477896851,-139.37612027450854,-8.31928140175742,1.0,0.0,,,,,,0.5623088790708873,127.24188607555737,ch0.st_60ms,8.511929477896851,ch0.st_80ms
79,147.908,185.44545800490468,185.44545800490468,1.0,4608.0877028736895,4.74048309975863,389957.8512757181,185.44545800490468,-65.96372036674413,-140.00503012404198,-230.66649428445416,-6.7490589330648065,0.0,0.0,,,,,,0.5052277129101596,65.96372036674413,ch0.st_60ms,140.00503012404198,ch0.st_80ms
80,149.948,140.6233489866313,83.58872125746001,1.682324443671055,13337.582187245858,11.536550846881086,612703.6179972342,83.58872125746001,119.11173699948358,198.47460371969038,-32776.352153732,-421.1993706350323,1.0,0.0,,,,,,0.07955696787026009,119.11173699948358,ch0.st_60ms,198.47460371969038,ch0.st_80ms
81,150.206,3036.5191357524996,1356.8346144763848,2.2379434481956526,3416305.0054000607,538.7276094159332,6075240497.822463,1356.8346144763848,30.870935723407968,-28.29246129386445,106.18575287993389,2.446483273904234,4.0,1.0,,,,,,-0.009274316994292854,30.870935723407968,ch0.st_60ms,28.29246129386445,ch0.st_80ms
82,150.416,-35.38954961899344,-167.59398113852734,-0.21116241393980417,12940.310145301935,9.258125723399065,434769.15887752135,-121.36719189817774,-89.89729198877916,-164.87517621616047,-155.1641047996652,-30.02591241344921,11.0,1.0,,,,,,0.39091988506115455,89.89729198877916,ch0.st_60ms,164.87517621616047,ch0.st_80ms
83,153.32,1544.9656446595914,453.53768492795234,3.4064768948693205,1440204.4101267029,232.7092511234536,786715836.3926593,453.53768492795234,-30.657090915169874,4.0222751479341525,62.75395583693805,-3.236592647379848,5.0,1.0,,,,,,0.008730781513344228,30.657090915169874,ch0.st_60ms,4.0222751479341525,ch0.st_80ms
84,154.788,1882.996809038527,-17295.705212197357,0.10887077375200586,2067660.8909349502,261.90212596850364,1469781076.6759057,248.79158270707723,16.463691117073324,10.622392192192365,98.40979181911524,-0.6426992401185394,4.0,1.0,,,,,,0.018240893551049953,16.463691117073324,ch0.st_60ms,10.622392192192365,ch0.st_80ms
85,168.326,201.58985169752097,126.54768116131422,1.5929952239942524,9155.024921626024,12.917067322832127,834350.4314740645,162.60545724989743,65.72093751086081,25.33560391882326,-64.48825325636693,-1.4806276973151153,0.0,0.0,,,,,,0.5416761893504995,65.72093751086081,ch0.st_60ms,25.33560391882326,ch0.st_80ms
86,170.1,-231.88574657567324,-571.3988858639727,-0.40582113880928355,19774.342108296365,32.65004120040332,6290500.997065797,-571.3988858639727,-337.41322666552435,-346.74211081126487,287.72699018219663,-5.743671351330371,1.0,0.0,,,,,,-0.34196126934458587,337.41322666552435,ch0.st_60ms,346.74211081126487,ch0.st_80ms
87,170.354,657.3916646008024,290.0717409504911,2.2663071640370673,12249.738504688623,74.39249583733698,17710148.47785023,367.1765334118065,389.15667960166,427.53575992282265,444.03465454517516,9.978122032049372,0.0,0.0,,,,,,0.4089719626991459,389.15667960166,ch0.st_60ms,427.53575992282265,ch0.st_80ms
88,182.698,1521.0882239405496,-11671.269734339552,0.13032757005565207,1445182.2941629498,177.8708714971328,680738636.4894494,432.40089074206486,56.3838948347764,25.67829266541891,88.3187608517021,3.5236034373444824,4.0,1.0,,,,,,0.020268663388593993,56.3838948347764,ch0.st_60ms,25.67829266541891,ch0.st_80ms
89,186.47,251.31062169217938,101.95538085194185,2.464907880214082,15953.934976733435,22.24587985842875,1938149.499492314,201.51719034304267,71.23598385843931,45.73560783513439,-27.98036525390468,1.9179117049872922,0.0,0.0,,,,,,0.5503236224445975,71.23598385843931,ch0.st_60ms,45.73560783513439,ch0.st_80ms
90,223.484,401.96127173683584,16.67702847146063,24.10269146117436,20874.049341917897,30.8093606177044,3390085.914432486,76.96217771518413,43.154345484019146,-51.921739216614256,-56.93382625295939,-0.23401532759919205,0.0,0.0,,,,,,0.7079961171428092,43.154345484019146,ch0.st_60ms,51.921739216614256,ch0.st_80ms
91,242.708,126.13752993129494,38.601411627784785,3.2676921545662547,14206.457653101872,6.86391839484185,243111.2601762718,38.601411627784785,-22.215341022697487,36.09036668689733,87.1893846375614,0.25898110469965474,0.0,0.0,,,,,,0.5362650721792686,22.215341022697487,ch0.st_60ms,36.09036668689733,ch0.st_80ms
92,259.228,637.6866939425597,-5970.662220398697,0.1068033444873017,728388.5630023036,91.10939858746171,171430894.979285,51.80124474045983,-6.169441305009478,-17.186786361457724,99.35851434610854,1.1181431221750884,4.0,1.0,,,,,,0.01824148201307429,6.169441305009478,ch0.st_60ms,17.186786361457724,ch0.st_80ms
93,260.772,130.25075046176897,18.48005288695481,7.048180611740231,12843.628729844128,5.21629417544569,162292.42757034607,63.532992835761576,38.07394853205511,34.304866135309936,-11576.305458267214,-120.1886751027469,1.0,0.0,,,,,,0.13725011515322252,38.07394853205511,ch0.st_60ms,34.304866135309936,ch0.st_80ms
94,260.992,1512.8867666153722,441.63558555662456,3.4256450704908072,1442516.1217076497,175.86657174716427,675906418.7208585,441.63558555662456,-491.50221417842704,-155.32562518543003,83.75652576281777,0.6299714774456536,4.0,1.0,,,,,,0.02351627956554783,491.50221417842704,ch0.st_60ms,155.32562518543003,ch0.st_80ms
95,262.474,151.18375002747112,-1014.4975899604432,0.14902327173923202,44808.667906500785,31.56088026742153,10472618.181873202,-1014.4975899604432,-638.335802951369,-557.8544063141129,512.0700143735592,-36.150321604595966,1.0,0.0,,,,,,0.008506221671086793,638.335802951369,ch0.st_60ms,557.8544063141129,ch0.st_80ms
96,262.832,817.8873562485257,363.5669209172197,2.249619833908789,28614.52714878398,60.297311103866065,16682781.109689778,363.5669209172197,148.72887551955228,-16.4218438561999,319.08935097640983,21.43406912572636,0.0,0.0,,,,,,0.5393356307460232,148.72887551955228,ch0.st_60ms,16.4218438561999,ch0.st_80ms
97,263.792,214.935870709677,4.258084363994814,50.477128289687116,39670.06918683555,11.114365335071616,870775.403792538,4.258084363994814,13.69743976412695,-0.45527410466538987,-123.96194006529554,1.1518268246870385,2.0,1.0,,,,,,0.4867563369542585,13.69743976412695,ch0.st_60ms,0.45527410466538987,ch0.st_80ms
98,264.52,60.80499541856292,-90.31504421656743,0.6732543392522508,14726.93804545898,4.786216984188901,113599.36808432246,-84.64170713604413,0.5452180669262319,-1.1134927379262027,85.2535667768634,1.6079057179315224,4.0,1.0,,,,,,0.0841605482677854,0.5452180669262319,ch0.st_60ms,1.1134927379262027,ch0.st_80ms
99,265.72,95.10981344724738,95.10981344724738,1.0,79188.66793903553,16.674676580320973,3136675.032271222,95.10981344724738,0.27766347665066604,-37.71670008687954,106.98264513927401,-2.6035641164339713,3.0,1.0,,,,,,0.19418979588344673,0.27766347665066604,ch0.st_60ms,37.71670008687954,ch0.st_80ms
100,266.45,125.6457722804095,-15.05802505496727,8.344107000868753,15694.110980884168,7.069403522775955,304207.7063465773,0.1704980872770463,7.84665932365224,5.4266247896163335,-279.6431806165889,-6.70401705617014,3.0,1.0,,,,,,0.10795779752036493,7.84665932365224,ch0.st_60ms,5.4266247896163335,ch0.st_80ms
101,267.082,1532.0705433606402,405.58264420793284,3.777455877957103,1452262.3040404425,177.03814131537925,681587359.8852481,405.58264420793284,32.65587808986672,-39.56857114657251,75.53887783336597,-1.4490070270461728,4.0,1.0,,,,,,0.04966083595837935,32.65587808986672,ch0.st_60ms,39.56857114657251,ch0.st_80ms
102,268.004,31.258172892134144,-14.163125881264722,2.2070108784024227,14184.264825507662,2.852714949192685,54396.146297491556,-14.163125881264722,-124.3667887353909,-28.63862420707513,598.8159224849234,-24.824227807664585,4.0,1.0,,,,,,0.23777940786556048,124.3667887353909,ch0.st_60ms,28.63862420707513,ch0.st_80ms
103,268.418,731.413087064948,272.25292750999984,2.6865205592255137,40486.10237578788,23.32522852015882,5419624.667903182,275.8876554455516,38.13433489613563,91.58922990404842,-5397.597708796249,55.394063455192395,0.0,0.0,,,,,,0.16675074030258863,38.13433489613563,ch0.st_60ms,91.58922990404842,ch0.st_80ms
104,268.85,952.4839155404104,80.72500288663932,11.799119002547037,724581.6597344605,87.95832742182805,158442492.425634,80.72500288663932,-30.210687262646672,12.750688557690836,-5706.6727666296765,0.5328385765310522,4.0,1.0,,,,,,0.013186718644438643,30.210687262646672,ch0.st_60ms,12.750688557690836,ch0.st_80ms
105,269.452,1642.9670969500824,547.8869040576537,2.99873401751759,1444511.016928292,454.32551650482185,2030312004.8703666,547.8869040576537,70.84108406820081,128.81863329807635,-6141.576009499859,-73.75001441970261,6.0,1.0,,,,,,0.0867977767269612,70.84108406820081,ch0.st_60ms,128.81863329807635,ch0.st_80ms
106,269.696,605.3276129628878,-6172.324471582322,0.09807125593442878,742401.7890361312,98.18226998100053,185146165.93703088,144.60608468670682,-259.13789485528406,-234.6770086487295,-106.13513352276539,-128.77135531401723,4.0,1.0,,,,,,0.08087958099803785,259.13789485528406,ch0.st_60ms,234.6770086487295,ch0.st_80ms
107,270.742,1832.7804547572348,-11509.439078666443,0.15924150970610051,1549793.9156928866,244.7780102316731,765521636.7762731,1143.8040280744772,433.2360872410484,463.0028355816926,-24462.658605638222,-405.95003325482173,5.0,1.0,,,,,,0.1295307444708031,433.2360872410484,ch0.st_60ms,463.0028355816926,ch0.st_80ms
108,271.122,1893.349504149207,-17170.508155411506,0.1102675288938664,2352567.236045848,815.4949017696676,6111956776.570377,1055.4580472483244,-667.3671901934413,-5036.190476653343,2711.930519998859,13.472856842995958,11.0,1.0,,,,,,0.016808151788345136,667.3671901934413,ch0.st_60ms,5036.190476653343,ch0.st_80ms
109,271.374,-134.32435212781888,-134.32435212781888,-1.0,124597.27531022839,6.353713538055234,439679.60761178116,-134.32435212781888,-172.54897823081308,-283.8804696874679,-273.286229577796,0.0,2.0,1.0,,,,,,0.045745311597557146,172.54897823081308,ch0.st_60ms,283.8804696874679,ch0.st_80ms
110,274.124,1700.063926435324,-6102.18339315477,0.2785992843712957,785501.5990192477,182.612143251159,362212207.383529,366.42676719749613,61.97616058013779,15.55481266854261,75.23932840254128,-2.758635493475445,6.0,1.0,,,,,,0.05303436071608239,61.97616058013779,ch0.st_60ms,15.55481266854261,ch0.st_80ms
111,274.372,60.23588473099011,-59.30478388581285,1.015700265377748,13449.236551397056,6.059082380288916,178058.45916452716,-19.112500476767806,-65.24564502964284,-70.29129316965029,25.061987235142027,-2.920756326674986,3.0,1.0,,,,,,0.5009417451884807,65.24564502964284,ch0.st_60ms,70.29129316965029,ch0.st_80ms
112,275.66,1827.8108307591276,-17211.01967298065,0.10620003146173748,2056302.3614358995,260.06868124077084,1453784423.723518,244.28708960687092,33.26161672029477,-12.559001728839092,98.94603365796857,1.672755804760476,4.0,1.0,,,,,,0.0125790507065516,33.26161672029477,ch0.st_60ms,12.559001728839092,ch0.st_80ms
113,277.662,177.22062008800705,17.69929718826031,10.012861991240813,17251.92588639217,6.435548754770968,260576.47757513486,36.608457013655105,-2.774451186781789,-29.388338616353906,156.1203280568582,8.913460893164874,0.0,0.0,,,,,,0.4195060612088634,2.774451186781789,ch0.st_60ms,29.388338616353906,ch0.st_80ms
114,283.172,260.0546511406319,260.0546511406319,1.0,4391.734200090127,21.275421265035003,2148929.798765627,260.0546511406319,407.03944636917345,461.4153642159738,-29026.820148180443,-1121.2152990803627,0.0,0.0,,,,,,0.13200482152552703,407.03944636917345,ch0.st_60ms,461.4153642159738,ch0.st_80ms
115,283.378,2827.36548101252,-21776.399040263314,0.12983622663163377,2621548.439044789,695.6814053178143,4776475634.45304,414.5495254862269,-9238.120048619316,-3383.7406663327884,379.3017306043573,3.2463350447321075,7.0,1.0,,,,,,0.022086306246311225,9238.120048619316,ch0.st_60ms,3383.7406663327884,ch0.st_80ms
116,283.602,-37.88288191607489,-37.88288191607489,-1.0,139339.39942882763,7.499779337336627,851584.1362200929,-37.88288191607489,-126.0666244137742,-164.2055945367115,-180.18841257799056,0.0,4.0,1.0,,,,,,0.029731869722864183,126.0666244137742,ch0.st_60ms,164.2055945367115,ch0.st_80ms
117,284.24,45.63492163662727,-181.7665361632442,0.2510633838323388,16766.75629188135,15.620937140799773,996005.0377857075,-181.7665361632442,-175.00352189285576,-269.55775508299575,-17517.345425697968,-178.87675861058779,5.0,1.0,,,,,,0.46412680236939063,175.00352189285576,ch0.st_60ms,269.55775508299575,ch0.st_80ms
118,284.79,1822.436284432683,255.25460966013105,7.139680207378971,2066973.6851562066,261.04219495017423,1475048839.9780445,255.25460966013105,19.279425937681964,53.84331305777644,96.73223303077481,-2.1447329152543526,4.0,1.0,,,,,,0.03399351394365971,19.279425937681964,ch0.st_60ms,53.84331305777644,ch0.st_80ms
119,285.12,82.02326283271117,-67.76242432360068,1.2104534873340362,16587.261764631407,5.676337152995868,136427.54552542377,-22.444532873883176,-90.7759002980736,-132.1090946049573,3.203820023128486,-24.582147429942722,3.0,1.0,,,,,,0.5051499851513924,90.7759002980736,ch0.st_60ms,132.1090946049573,ch0.st_80ms
120,285.606,48.188679750817236,-121.09110148619459,0.39795393021766473,18069.538332415133,4.9031972876926835,150662.1231706107,-101.7209147792615,-54.963497092569064,-74.04512009861669,-420.8671383213893,-25.50306335990892,4.0,1.0,,,,,,0.1745861326627921,54.963497092569064,ch0.st_60ms,74.04512009861669,ch0.st_80ms
121,286.006,402.38794646041725,201.45794670780165,1.997379368926301,25601.369293921663,28.321826827837732,3512024.4331949274,201.45794670780165,100.30375511630051,1.1258062638930824,189.0561643945266,13.06077137934077,0.0,0.0,,,,,,0.47390272172454173,100.30375511630051,ch0.st_60ms,1.1258062638930824,ch0.st_80ms
122,287.934,141.45166669859378,-29.231767818904636,4.838970655996891,19253.184111932347,5.162507673438083,164656.60700996584,21.35027124467704,5.3586115933431895,-105.17308568625846,-211.13268997579218,-2.9613832882252753,1.0,0.0,,,,,,0.2316691653868792,5.3586115933431895,ch0.st_60ms,105.17308568625846,ch0.st_80ms
123,288.164,153.42556494820917,9.694988703846494,15.825244323114834,19421.50213930093,14.831990479613609,925425.7365936859,9.694988703846494,-39.87771868640914,9.724379385902019,-198.1882333598738,-4.952205694271321,2.0,1.0,,,,,,0.2317676050120926,39.87771868640914,ch0.st_60ms,9.724379385902019,ch0.st_80ms
124,288.614,71.67310154676613,-91.89044049774225,0.7799843069478718,20058.789331529413,13.340448340875797,937343.1341239489,-73.95483828806213,4.0483797743184695,22.742953342836806,77.33335089398668,-10.98640901827525,5.0,1.0,,,,,,0.17682537957431285,4.0483797743184695,ch0.st_60ms,22.742953342836806,ch0.st_80ms
125,294.846,136.46121852903394,27.161521182248705,5.0240639179744315,15818.440977162389,3.8762123632957843,139992.2775887158,50.129307277907486,-6.052811493822816,-25.547500519901682,133.0666807910136,2.212733966067033,2.0,1.0,,,,,,0.3531589812483989,6.052811493822816,ch0.st_60ms,25.547500519901682,ch0.st_80ms
126,298.952,3999.28920078226,3999.28920078226,1.0,63573.7250662296,512.5534995895051,1194039834.2760453,6417.63916533781,8538.488141298945,9173.321312109983,-24171.03631864324,-179.79623969615574,0.0,0.0,,,,,,0.4225512641582172,8538.488141298945,ch0.st_60ms,9173.321312109983,ch0.st_80ms
127,299.118,7674.611519002601,-28491.98763582787,0.26936034147901966,2970495.1913309097,873.3718328637775,6047313193.190022,-27199.70450753643,-23857.653467476186,-23154.393675464533,-22461.11024129561,-6674.2342874953665,2.0,1.0,,,,,,0.3356140160666532,23857.653467476186,ch0.st_60ms,23154.393675464533,ch0.st_80ms
128,299.508,3975.63269790718,3975.63269790718,1.0,25309.108024259785,473.3386633928334,986087552.6325752,5217.184187851182,6277.222420374282,6591.774254734727,6887.628396063015,3159.95655520279,0.0,0.0,,,,,,-0.3246804192148702,6277.222420374282,ch0.st_60ms,6591.774254734727,ch0.st_80ms
129,335.228,-2807.0071124150127,-4235.945579935059,-0.662663638954976,25312.382193116264,340.55671977099024,529206407.40904164,-4235.945579935059,-5849.013985260335,-6426.287479222874,20370.624623246313,-1961.032359265837,0.0,0.0,,,,,,0.1774163880003443,5849.013985260335,ch0.st_60ms,6426.287479222874,ch0.st_80ms
130,335.616,29381.27241266,28524.411055881472,1.0300395810136052,2973188.602873415,704.2073653215892,6035064049.769884,28524.411055881472,25236.855982513916,24475.160402271267,23809.553916739696,7236.327535372402,0.0,0.0,,,,,,0.1480617831434404,25236.855982513916,ch0.st_60ms,24475.160402271267,ch0.st_80ms
131,335.782,-2541.9035291193395,-4340.116329433631,-0.5856763589217086,34500.75978600489,300.38906389088476,457901964.2629045,-4340.116329433631,-5991.9703465331295,-6499.6263822971705,-33978.135842997406,-3659.5258469157598,0.0,0.0,,,,,,0.34427618404327925,5991.9703465331295,ch0.st_60ms,6499.6263822971705,ch0.st_80ms
132,336.24,686.2349467983022,-23993.691049981244,0.028600641117233965,2586589.634529797,493.7254878842488,3196333299.3090754,-1224.0371213090475,-2460.8891545655442,-2524.154687312053,-4034.7012983569625,-1403.3568544007385,5.0,1.0,,,,,,0.10094766057921938,2460.8891545655442,ch0.st_60ms,2524.154687312053,ch0.st_80ms
133,336.776,137.56435233541754,-327.8724624630963,0.41956665497914786,27050.244855523033,25.984756631229814,2644993.1317244503,48.444760978826935,263.8056357729596,305.5920291061982,198.60943396848347,30.841318630032326,6.0,1.0,,,,,,-0.24409872734274843,263.8056357729596,ch0.st_60ms,305.5920291061982,ch0.st_80ms
134,339.506,199.146006526104,48.600835630134995,4.09758400126403,24699.521142073507,17.20715549008427,1493000.215354584,48.600835630134995,245.80569639066425,207.48391781265462,769.5190174980131,11.143288040429061,2.0,1.0,,,,,,-0.029745210753117396,245.80569639066425,ch0.st_60ms,207.48391781265462,ch0.st_80ms
135,339.71,681.3087345603682,-291.2150655153837,2.339538077656142,63234.18117327947,17.90911869937825,3955310.9991805465,-286.09112675057736,112.64909025970618,58.39830200761193,-941.9392905641687,-95.75348161305973,0.0,0.0,,,,,,0.4196312432034699,112.64909025970618,ch0.st_60ms,58.39830200761193,ch0.st_80ms
136,339.962,444.6615822700667,-710.7642916510379,0.6256104695934571,45165.20638453318,45.18814391444877,8647241.541521087,-710.7642916510379,-717.7960331892565,-731.0871077893896,-1008.9065622479601,-35.335601424845464,0.0,0.0,,,,,,0.45475203925770463,717.7960331892565,ch0.st_60ms,731.0871077893896,ch0.st_80ms
137,340.304,372.4914085065702,372.4914085065702,1.0,12206.597529659703,79.97217646659922,21409851.343093738,842.2409320018321,826.3114542336607,814.5576446216704,851.9101190758438,23.87433687474799,0.0,0.0,,,,,,-0.21255560697875997,826.3114542336607,ch0.st_60ms,814.5576446216704,ch0.st_80ms
138,340.874,-8.540915563899091,-204.3607982833815,-0.04179331670086568,15548.685478051999,16.620201772124116,938694.1763555633,-165.399815184487,-94.30115785943947,-155.05462010594945,472.3298671331997,26.487182803039374,9.0,1.0,,,,,,0.27262570901822764,94.30115785943947,ch0.st_60ms,155.05462010594945,ch0.st_80ms
139,344.656,73.57364054526454,-41.348887245738446,1.7793378600012333,12732.419759132868,10.316640558201106,406008.52434605476,76.61635127854339,-21.550601387740258,-81.47344316533574,-653.0349077215618,-10.410941316419253,4.0,1.0,,,,,,0.1754995363734573,21.550601387740258,ch0.st_60ms,81.47344316533574,ch0.st_80ms
140,345.058,278.24047710986184,-162.8206199733003,1.7088773962136268,45028.21690567734,28.10718061621883,4474832.50412319,-152.4223218070144,113.26858498043458,75.88000021061184,-88.20823849829395,-1.9351251592792786,1.0,0.0,,,,,,0.29107181807315247,113.26858498043458,ch0.st_60ms,75.88000021061184,ch0.st_80ms
141,346.862,394.92947589387836,-282.5622657452267,1.3976723850663344,62060.01582200995,13.77566511112428,1427623.6211291556,-219.82906209907443,-28.04967715586008,-90.22633154127854,-373.3124821026415,-81.2754288470551,1.0,0.0,,,,,,0.7274408407469154,28.04967715586008,ch0.st_60ms,90.22633154127854,ch0.st_80ms
142,347.562,2010.6025232157958,1970.228066275257,1.0204922758088952,152014.0647094197,62.274443247338766,34847912.49509598,1970.228066275257,1898.2847224797447,1897.7001126475145,2079.5610009967795,237.61391141378607,0.0,0.0,,,,,,0.33482924638542266,1898.2847224797447,ch0.st_60ms,1897.7001126475145,ch0.st_80ms
143,347.776,156.58642238860648,-2130.95348202315,0.07348185857156377,186283.22474690387,32.99298514605624,29441550.714825217,-2059.5703507492835,-1932.4258202164704,-1967.7040505114974,-23415.905024709133,-936.0091342852886,3.0,1.0,,,,,,0.36455852718951376,1932.4258202164704,ch0.st_60ms,1967.7040505114974,ch0.st_80ms
144,348.314,4833.061326032627,3031.431699176409,1.5943164173369606,2751653.6866143886,346.5606613347892,2403988834.390594,3031.431699176409,2108.271267962921,2099.470573462261,-3479.788326619023,-30.416140844012315,4.0,1.0,,,,,,0.1509644851026052,2108.271267962921,ch0.st_60ms,2099.470573462261,ch0.st_80ms
145,348.532,293.8702194180971,-4180.859436599515,0.07028942825619491,629677.2923416431,212.6036539273213,446583227.23313737,-4135.192699052554,-2414.0352691306502,-2159.194685576562,-4205.422676519204,-929.0984240705855,8.0,1.0,,,,,,0.23950729898303846,2414.0352691306502,ch0.st_60ms,2159.194685576562,ch0.st_80ms
146,349.05,2042.3927419066117,2042.3927419066117,1.0,258893.26675888812,199.63984788175566,184045134.22687158,2042.3927419066117,2012.4343063017998,2014.2957377178225,2210.551543915653,235.43098987950333,0.0,0.0,,,,,,0.24447533285473222,2012.4343063017998,ch0.st_60ms,2014.2957377178225,ch0.st_80ms
147,349.252,173.02582765136685,-2100.0291853905137,0.0823921061931297,185309.78805528412,33.4442339042898,28548649.623661432,-2025.7118698569154,-1902.556459330399,-1893.562198019069,-1280.647010727217,-634.121924688473,2.0,1.0,,,,,,0.34393034700625935,1902.556459330399,ch0.st_60ms,1893.562198019069,ch0.st_80ms
148,349.808,287.05351012946676,189.32759349917575,1.516173658705045,12825.733417283089,22.63993924279712,2125394.228815988,260.13147928198237,269.071559312983,297.21241447668694,-36530.65123758241,-611.2656539405625,0.0,0.0,,,,,,0.09830695964674266,269.071559312983,ch0.st_60ms,297.21241447668694,ch0.st_80ms
149,350.004,2381.457037457783,-36799.47064710854,0.06471443734326929,3179736.3492180156,716.288219459166,9457943544.961834,1117.2877972891938,88.30428151553315,91.64959996825803,156.78568069043024,6.17796136487579,4.0,1.0,,,,,,-0.06926750371040773,88.30428151553315,ch0.st_60ms,91.64959996825803,ch0.st_80ms
150,350.24,-43.19757115086759,-43.19757115086759,-1.0,15488.701278861527,2.8666728633413383,66066.15894759347,-43.19757115086759,-137.71443053257485,-136.34300425373448,-107.2239693232749,-12.193457642672458,4.0,1.0,,,,,,0.3951323878848897,137.71443053257485,ch0.st_60ms,136.34300425373448,ch0.st_80ms
151,373.09,52.96315648428219,52.96315648428219,1.0,10981.521796552863,3.0868601150191126,70139.13271655333,52.96315648428219,-107.12546341120455,27.606468303587356,-87.24731232259992,-1.7453533679674154,3.0,1.0,,,,,,0.2354464234214025,107.12546341120455,ch0.st_60ms,27.606468303587356,ch0.st_80ms
152,421.916,1279.9817173331621,1164.6564344856947,1.0990208609446221,18079.954676351692,135.96139174398542,79217097.20680414,1239.7727772901358,1294.1765816140123,1155.1265406867492,1283.7722960568476,103.59641957376547,0.0,0.0,,,,,,0.42909118497066934,1294.1765816140123,ch0.st_60ms,1155.1265406867492,ch0.st_80ms
153,422.03,291.53362809616567,104.32908843760333,2.7943657177693524,17976.11588387389,24.678473243321772,2977820.048053637,111.84369326259105,-270.43819437218707,-520.3489393378279,-203.23090961217736,-90.4239871240933,0.0,0.0,,,,,,0.490303507331498,270.43819437218707,ch0.st_60ms,520.3489393378279,ch0.st_80ms
154,449.308,387.0649462055611,246.295813616095,1.571544966691497,26753.81329171138,21.429066884882133,2558700.853887327,246.295813616095,-221.8559596364975,-847.0992167537858,-979.0090614751592,-98.36234826137076,0.0,0.0,,,,,,0.34006320387879374,221.8559596364975,ch0.st_60ms,847.0992167537858,ch0.st_80ms
155,449.89,149.31538447716167,-362.47278676050024,0.41193543330970145,30370.53164754419,33.19650380698786,3697273.046613215,-278.02273972846194,10.226757328570855,-48.47404699058818,110.57091210411973,5.04409879132241,8.0,1.0,,,,,,-0.004578221309611114,10.226757328570855,ch0.st_60ms,48.47404699058818,ch0.st_80ms
156,460.94,196.02195362170136,196.02195362170136,1.0,17295.91438640375,8.954451677499438,514111.60714578844,196.02195362170136,-544.6491173394293,-1842.529269759002,-2037.653812048898,-381.58165018598584,1.0,0.0,,,,,,0.24812269388678895,544.6491173394293,ch0.st_60ms,1842.529269759002,ch0.st_80ms
157,461.258,2139.317674673221,2087.410538738366,1.024866759543251,188314.46387014296,32.86123946663531,30461650.228196144,2087.410538738366,1994.2771698879703,1979.0639674111696,2018.142909672622,89.72791276048065,0.0,0.0,,,,,,0.03165580227183903,1994.2771698879703,ch0.st_60ms,1979.0639674111696,ch0.st_80ms
158,464.216,527.1722151463061,527.1722151463061,1.0,10571.010912954422,49.68142080412129,11140813.497583704,527.1722151463061,361.9607539877227,-733.2666228420478,-1150.845757295558,-310.79394464916743,0.0,0.0,,,,,,0.46733240780357294,361.9607539877227,ch0.st_60ms,733.2666228420478,ch0.st_80ms
159,464.832,255.34643878180515,-37.10523531483733,6.881682237430774,18886.609176221682,13.955349054332633,1078506.7948387864,35.863952667309746,13.595153392047393,54.967335441134566,334.117902636141,67.22733548369855,0.0,0.0,,,,,,0.0821763815384952,13.595153392047393,ch0.st_60ms,54.967335441134566,ch0.st_80ms
160,465.252,175.74512325678958,-5.60149460723223,31.374684004851254,21368.668599558838,13.096844614753932,660805.7114153467,-2.645505274439305,27.790457262964786,-43.208286703368614,123.49518366714297,16.28961679085249,0.0,0.0,,,,,,0.29391169789383353,27.790457262964786,ch0.st_60ms,43.208286703368614,ch0.st_80ms
161,473.314,266.06448813641055,124.81768468528954,2.1316249280480983,14135.21505425452,16.85965435540139,1539412.4752788255,140.44417612378666,63.087379087545564,21.293012944727153,215.66643872181038,52.435536802074964,0.0,0.0,,,,,,0.2869468273844988,63.087379087545564,ch0.st_60ms,21.293012944727153,ch0.st_80ms
162,490.404,344.60023137549297,344.60023137549297,1.0,1793.5753257824842,4.769505715071501,926960.7783280683,344.60023137549297,207.37545986864956,171.95440960992372,-443.14947259436457,-8.834658149020417,0.0,0.0,,,,,,0.46527400504119426,207.37545986864956,ch0.st_60ms,171.95440960992372,ch0.st_80ms
163,490.718,113.7509011941189,-133.27906418260002,0.8534791408669675,26345.609891307977,7.848989392622421,327871.3500768179,-124.72405116488223,-372.9017190525577,-216.04517574022438,-633.616541365606,-119.78854711717014,7.0,1.0,,,,,,0.4920171709160907,372.9017190525577,ch0.st_60ms,216.04517574022438,ch0.st_80ms
164,491.35,976.8465888393561,976.8465888393561,1.0,69121.61648752024,33.39791587597172,12036885.14640836,1157.208844754147,1655.8864226354658,1553.1069874239595,1671.464327335994,80.86660714834058,0.0,0.0,,,,,,0.28183278195539996,1655.8864226354658,ch0.st_60ms,1553.1069874239595,ch0.st_80ms
165,491.518,516.8326514985254,516.8326514985254,1.0,47170.4930824643,43.073452049147434,9343719.835015494,516.8326514985254,-550.0843642674417,-1590.0351329721811,-1904.38460340672,-304.23207154092074,1.0,0.0,,,,,,0.4248671006735695,550.0843642674417,ch0.st_60ms,1590.0351329721811,ch0.st_80ms
166,491.896,164.8641491312241,74.73958140605833,2.2058479058843155,9932.715251384394,16.662467019800687,1040272.1795333131,76.96427495426337,90.07845588192538,90.24897906946313,1048.7018796410937,145.7045675358218,0.0,0.0,,,,,,-0.25572014279425437,90.07845588192538,ch0.st_60ms,90.24897906946313,ch0.st_80ms
167,492.274,887.4420236984374,482.7807320561682,1.8381885704485608,25870.21565794345,75.4966304459681,26782909.481687903,791.8691352312201,365.4104653540618,215.17321979623375,-49.988227299284745,-0.2059490635981817,0.0,0.0,,,,,,0.488234760932714,365.4104653540618,ch0.st_60ms,215.17321979623375,ch0.st_80ms
168,492.656,361.08357091970015,288.8838529697655,1.2499264573208633,8974.543399427062,39.865130230471564,6533169.007167492,337.25199231104295,374.0010962979542,334.91335282437944,7.956662068777803,61.08517943346821,0.0,0.0,,,,,,0.22439733619942784,374.0010962979542,ch0.st_60ms,334.91335282437944,ch0.st_80ms
169,492.93,-8.45866680484238,-8.45866680484238,-1.0,13473.516971256786,3.385886400571912,91684.48123948647,-8.45866680484238,-226.23943362695462,-252.71900246383018,-238.36716163197116,-7.6744912850352875,4.0,1.0,,,,,,0.2190578061579726,226.23943362695462,ch0.st_60ms,252.71900246383018,ch0.st_80ms
170,494.126,202.91571387610173,202.91571387610173,1.0,12814.800932646851,12.932886673083782,1067111.172620663,202.91571387610173,171.57609095975857,218.41496638817904,443.35528298860675,63.97651699093343,1.0,0.0,,,,,,-0.13569145603471766,171.57609095975857,ch0.st_60ms,218.41496638817904,ch0.st_80ms
171,496.04,-70.5295958272068,-503.69859490255135,-0.1400234118994354,23169.867251391024,45.02112104775813,7702298.5962764025,-65.11116088545924,-234.58839907516924,-262.09065770026064,668.184528942601,-23.550405113273428,9.0,1.0,,,,,,-0.0743877273293072,234.58839907516924,ch0.st_60ms,262.09065770026064,ch0.st_80ms
172,496.69,2080.331433282162,2069.215870909781,1.005371871793876,91322.32226188591,73.17770424405573,45685400.98840211,2069.215870909781,2063.1497001146386,2076.845467809634,2218.079757224308,278.9743121777543,0.0,0.0,,,,,,0.35497386445706164,2063.1497001146386,ch0.st_60ms,2076.845467809634,ch0.st_80ms
173,496.858,172.5479262611309,-888.6988506151129,0.1941579266606476,84864.16545138888,20.684786554113288,5600967.793117808,-800.8667377134417,-1256.0176376117965,-1662.966820129216,-3677.615940239733,-1126.2404013870378,2.0,1.0,,,,,,0.47549132204705036,1256.0176376117965,ch0.st_60ms,1662.966820129216,ch0.st_80ms
174,497.344,2576.379924415716,2509.637194465513,1.0265945731508084,221350.33560902646,42.24487387178099,45001672.89207965,2509.637194465513,2236.9671335016383,2190.3506740200764,2305.8415220562806,834.1469556960421,0.0,0.0,,,,,,0.051232196005329765,2236.9671335016383,ch0.st_60ms,2190.3506740200764,ch0.st_80ms
175,497.58,58.840188020123776,-235.72923545084137,0.24960920908935888,18410.593585574818,13.482662877661273,1014041.3398935677,-102.04362007144755,-73.63250468185413,-155.75171440095383,125.4876154730145,-8.973066021996127,7.0,1.0,,,,,,0.26380041696360434,73.63250468185413,ch0.st_60ms,155.75171440095383,ch0.st_80ms
176,498.104,73.84755361565777,-875.445030107303,0.08435430104230109,40798.06678324719,59.13562629262256,16262083.192757396,-636.7790092943226,-524.5588941138724,-386.1662564575065,158.55436647098873,-69.35474738889924,10.0,1.0,,,,,,0.28624925082947056,524.5588941138724,ch0.st_60ms,386.1662564575065,ch0.st_80ms
177,498.59,449.8523323046022,73.15610931173981,6.149210729450474,36293.07781194206,46.8213832986008,5961528.0556209665,186.52322695241077,233.06821954540732,70.21442263332193,-207.96262590438937,19.491874911958803,0.0,0.0,,,,,,0.41760595781210746,233.06821954540732,ch0.st_60ms,70.21442263332193,ch0.st_80ms
178,498.876,207.61697973853092,-171.5870989724395,1.2099801266054309,31949.23125560323,12.89292782719265,713409.3359953024,-115.25293887903706,-115.72844449581198,-225.223208910374,-370.1789814047331,-25.25105812928118,4.0,1.0,,,,,,0.4816557185767472,115.72844449581198,ch0.st_60ms,225.223208910374,ch0.st_80ms
179,499.214,314.3721879002853,107.34198646129713,2.9286973183939944,22926.025664221816,11.058801705850207,901829.3454983502,117.36615075356158,55.546723090902404,20.193930014988567,589.9860875276133,41.366872214728694,1.0,0.0,,,,,,0.05070705773667172,55.546723090902404,ch0.st_60ms,20.193930014988567,ch0.st_80ms
180,499.532,468.29246044747646,82.3149873435426,5.689030340162141,41165.41413210462,14.622817912411609,1723308.7536398517,82.3149873435426,85.75374902002586,27.679756640797716,221.2929189417336,11.474301043076778,0.0,0.0,,,,,,0.7765060734221063,85.75374902002586,ch0.st_60ms,27.679756640797716,ch0.st_80ms
181,500.17,291.2101528060777,-15.303326723786505,19.029205744750872,33360.6863632645,7.024885108031293,502765.6806725469,21.40231301376301,-39.28804049060965,-71.27327392476397,320.3409841956817,23.158135444822616,1.0,0.0,,,,,,0.4580931011595633,39.28804049060965,ch0.st_60ms,71.27327392476397,ch0.st_80ms
182,500.34,191.5738561915028,-58.966676664050624,3.248849469386782,26972.155166182594,8.049120142596307,349668.3647200029,-54.91217792887828,6.318379109298974,-33.21749229004297,382.7205539780215,39.49770886935309,1.0,0.0,,,,,,0.03690787309263396,6.318379109298974,ch0.st_60ms,33.21749229004297,ch0.st_80ms
183,500.684,248.03167116807987,14.965844034764995,16.57318294858033,28981.875051592055,7.017244581526244,411538.9857705447,36.6422463331421,20.003942939949834,3.0853793314262923,-436.9981364643954,-18.578586008960194,2.0,1.0,,,,,,0.362526166224645,20.003942939949834,ch0.st_60ms,3.0853793314262923,ch0.st_80ms
184,500.86,299.7770845160435,-5.15775627946266,58.12160720150867,31084.24409204504,6.727448447726714,542223.7602762189,4.477356992882221,58.142879734623655,-16.41628555450433,-454.93145124161117,-37.972229761135736,1.0,0.0,,,,,,0.4932130111300524,58.142879734623655,ch0.st_60ms,16.41628555450433,ch0.st_80ms
185,501.22,439.3515493535387,182.25480295130822,2.4106445604669045,28926.666125425483,20.677148228712337,2566439.439864097,256.42807305421064,228.29854540471484,232.57144187922708,504.5839857402252,100.97397806500112,1.0,0.0,,,,,,0.1457706418557789,228.29854540471484,ch0.st_60ms,232.57144187922708,ch0.st_80ms
186,503.178,272.1653782699367,41.54943120274041,6.550399617792745,23151.38036247926,17.103859793259357,1419623.0463789436,41.54943120274041,0.4698324033426218,-55.13031395205677,176.4275904947888,17.07697131210771,1.0,0.0,,,,,,0.30492237627420826,0.4698324033426218,ch0.st_60ms,55.13031395205677,ch0.st_80ms
187,505.206,1827.508134801059,1827.508134801059,1.0,24055.514069160978,124.4062682272208,83567958.2563064,1827.508134801059,1823.4109754198453,1825.2882602692769,1849.9272650736816,109.46335497246918,0.0,0.0,,,,,,0.492130222034655,1823.4109754198453,ch0.st_60ms,1825.2882602692769,ch0.st_80ms
188,505.356,19.88468062130869,-2136.806153952219,0.009305795279805866,169658.76470940013,32.96486812690673,30376563.18039249,-2098.38760054407,-1978.688947991412,-1940.5807376020666,-1957.3300327900088,-19.484543613596795,4.0,1.0,,,,,,0.3414924004651383,1978.688947991412,ch0.st_60ms,1940.5807376020666,ch0.st_80ms
189,506.266,270.60038678131804,113.73017711907721,2.3793191361866546,18194.001279276876,35.52909355095224,3424307.3257190064,168.34731620915954,91.62976174441923,96.76963821967877,-465.5237333489378,-49.52681916522901,1.0,0.0,,,,,,0.45251739727353174,91.62976174441923,ch0.st_60ms,96.76963821967877,ch0.st_80ms
190,506.788,-104.88812834457445,-482.73980317856,-0.21727673511474985,22665.47698154625,67.1223233557394,10631315.027005099,-241.12933609612,156.65527368413277,302.410035809961,-486.52119239936746,52.749390590720076,8.0,1.0,,,,,,-0.3795663207804588,156.65527368413277,ch0.st_60ms,302.410035809961,ch0.st_80ms
191,507.228,-71.58408740956204,-71.58408740956204,-1.0,18498.347487709394,5.6586181301642275,172242.81443019974,-71.58408740956204,-123.25458650343148,-514.6570383678327,-789.4482660830749,-37.857697010912275,5.0,1.0,,,,,,0.18918269548250194,123.25458650343148,ch0.st_60ms,514.6570383678327,ch0.st_80ms
192,507.66,477.1972822100523,297.53038510625413,1.603860668010884,21547.56909860083,41.503611874747925,6898037.369752127,297.53038510625413,197.9549381043846,156.06818186061926,-115.12850560986615,17.52197098336745,0.0,0.0,,,,,,0.6175266361539529,197.9549381043846,ch0.st_60ms,156.06818186061926,ch0.st_80ms
193,540.444,222.95931291044866,6.147665068138963,36.267316198789516,25342.764161599844,6.923142516260222,349016.0658642482,63.97357054832394,51.40116320525643,17.20698011815054,233.84703713974164,31.84925619850993,1.0,0.0,,,,,,0.2135016635438349,51.40116320525643,ch0.st_60ms,17.20698011815054,ch0.st_80ms
194,555.066,207.53421981439044,36.405768100850054,5.700586215884417,18521.135729979396,6.864697686619766,418950.3772899278,55.20195830745501,116.80834388102772,52.230280479810425,265.09908023779604,7.516872616091739,1.0,0.0,,,,,,0.18366842926931928,116.80834388102772,ch0.st_60ms,52.230280479810425,ch0.st_80ms
195,588.164,161.5821021352837,-116.32752336794421,1.38902726936083,27520.06206157691,6.419471503127974,247203.4811579512,-103.01776481213282,75.08487973304891,89.95988575352402,343.3924017513907,21.638850182775162,2.0,1.0,,,,,,-0.20612996355365987,75.08487973304891,ch0.st_60ms,89.95988575352402,ch0.st_80ms
196,598.386,191.13777341404352,-66.07061144909542,2.892931807681347,27654.404425564924,6.411886193025089,257821.91458533303,-24.65762299026039,14.891290065991065,-41.92513729213255,197.84092425730407,1.0449908644818682,1.0,0.0,,,,,,0.3493695715334479,14.891290065991065,ch0.st_60ms,41.92513729213255,ch0.st_80ms
