beat_index,t_s,t_dt,r_index,RR_prev_ms,RR_next_ms,P_onset_idx,QRS_onset_idx,QRS_offset_idx,QRS_ms,PR_ms,T_peak_idx,T_end_idx,RT_peak_ms,RT_end_ms,QT_ms,QTc_Bazett_ms,QTc_Fridericia_ms,Tpeak_Tend_ms
0,0.6791666666666667,2019-06-06 06:24:30.679167,163,,775.0,77.0,136,172,150.0,245.83333333333331,231.0,,283.3333333333333,,,,,
1,1.4541666666666666,2019-06-06 06:24:31.454167,349,775.0,770.8333333333334,305.0,323,376,220.83333333333331,75.0,418.0,474.0,287.5,520.8333333333334,629.1666666666666,714.6853080942232,684.9598857952798,233.33333333333334
2,2.225,2019-06-06 06:24:32.225000,534,770.8333333333334,779.1666666666666,449.0,508,561,220.83333333333331,245.83333333333331,601.0,,279.1666666666667,,,,,
3,3.004166666666667,2019-06-06 06:24:33.004167,721,779.1666666666666,787.5,635.0,694,730,150.0,245.83333333333331,788.0,,279.1666666666667,,,,,
4,3.7916666666666665,2019-06-06 06:24:33.791667,910,787.5,787.5,824.0,883,919,150.0,245.83333333333331,976.0,,275.0,,,,,
5,4.579166666666667,2019-06-06 06:24:34.579167,1099,787.5,787.5,1012.0,1072,1108,150.0,250.0,1165.0,,275.0,,,,,
6,5.366666666666666,2019-06-06 06:24:35.366667,1288,787.5,783.3333333333334,1201.0,1261,1297,150.0,250.0,1355.0,,279.1666666666667,,,,,
7,6.15,2019-06-06 06:24:36.150000,1476,783.3333333333334,783.3333333333334,1389.0,1449,1485,150.0,250.0,1544.0,,283.3333333333333,,,,,
8,6.933333333333334,2019-06-06 06:24:36.933333,1664,783.3333333333334,779.1666666666666,1577.0,1637,1673,150.0,250.0,1732.0,,283.3333333333333,,,,,
9,7.7125,2019-06-06 06:24:37.712500,1851,779.1666666666666,775.0,1764.0,1824,1860,150.0,250.0,1918.0,,279.1666666666667,,,,,
10,8.4875,2019-06-06 06:24:38.487500,2037,775.0,775.0,1950.0,2010,2046,150.0,250.0,2104.0,,279.1666666666667,,,,,
11,9.2625,2019-06-06 06:24:39.262500,2223,775.0,766.6666666666667,2136.0,2196,2232,150.0,250.0,2291.0,,283.3333333333333,,,,,
12,10.029166666666667,2019-06-06 06:24:40.029167,2407,766.6666666666667,758.3333333333333,2320.0,2380,2416,150.0,250.0,2474.0,,279.1666666666667,,,,,
13,10.7875,2019-06-06 06:24:40.787500,2589,758.3333333333333,758.3333333333333,2502.0,2562,2598,150.0,250.0,2657.0,,283.3333333333333,,,,,
14,11.545833333333333,2019-06-06 06:24:41.545833,2771,758.3333333333333,766.6666666666667,2685.0,2744,2780,150.0,245.83333333333331,2838.0,,279.1666666666667,,,,,
15,12.3125,2019-06-06 06:24:42.312500,2955,766.6666666666667,766.6666666666667,2911.0,2929,2981,216.66666666666669,75.0,3021.0,,275.0,,,,,
16,13.079166666666667,2019-06-06 06:24:43.079167,3139,766.6666666666667,770.8333333333334,3053.0,3112,3166,225.0,245.83333333333331,3206.0,,279.1666666666667,,,,,
17,13.85,2019-06-06 06:24:43.850000,3324,770.8333333333334,770.8333333333334,3264.0,3297,3333,150.0,137.5,3393.0,,287.5,,,,,
18,14.620833333333334,2019-06-06 06:24:44.620833,3509,770.8333333333334,762.5,3424.0,3483,3536,220.83333333333331,245.83333333333331,3577.0,,283.3333333333333,,,,,
19,15.383333333333333,2019-06-06 06:24:45.383333,3692,762.5,775.0,3606.0,3665,3701,150.0,245.83333333333331,3760.0,,283.3333333333333,,,,,
20,16.158333333333335,2019-06-06 06:24:46.158333,3878,775.0,779.1666666666666,3792.0,3851,3905,225.0,245.83333333333331,3947.0,,287.5,,,,,
21,16.9375,2019-06-06 06:24:46.937500,4065,779.1666666666666,725.0,4021.0,4038,4092,225.0,70.83333333333333,4121.0,,233.33333333333334,,,,,
22,17.6625,2019-06-06 06:24:47.662500,4239,725.0,766.6666666666667,4154.0,4213,4247,141.66666666666666,245.83333333333331,4308.0,,287.5,,,,,
23,18.429166666666667,2019-06-06 06:24:48.429167,4423,766.6666666666667,775.0,4337.0,4396,4432,150.0,245.83333333333331,4491.0,,283.3333333333333,,,,,
24,19.204166666666666,2019-06-06 06:24:49.204167,4609,775.0,779.1666666666666,4523.0,4582,4636,225.0,245.83333333333331,4677.0,,283.3333333333333,,,,,
25,19.983333333333334,2019-06-06 06:24:49.983333,4796,779.1666666666666,779.1666666666666,4710.0,4769,4823,225.0,245.83333333333331,4865.0,,287.5,,,,,
26,20.7625,2019-06-06 06:24:50.762500,4983,779.1666666666666,770.8333333333334,4898.0,4957,5010,220.83333333333331,245.83333333333331,5051.0,,283.3333333333333,,,,,
27,21.533333333333335,2019-06-06 06:24:51.533333,5168,770.8333333333334,758.3333333333333,5082.0,5142,5194,216.66666666666669,250.0,5236.0,,283.3333333333333,,,,,
28,22.291666666666668,2019-06-06 06:24:52.291667,5350,758.3333333333333,766.6666666666667,5264.0,5323,5359,150.0,245.83333333333331,5418.0,,283.3333333333333,,,,,
29,23.058333333333334,2019-06-06 06:24:53.058333,5534,766.6666666666667,775.0,5448.0,5507,5561,225.0,245.83333333333331,5603.0,,287.5,,,,,
30,23.833333333333332,2019-06-06 06:24:53.833333,5720,775.0,783.3333333333334,5635.0,5694,5747,220.83333333333331,245.83333333333331,5789.0,,287.5,,,,,
31,24.616666666666667,2019-06-06 06:24:54.616667,5908,783.3333333333334,787.5,5822.0,5881,5935,225.0,245.83333333333331,5976.0,,283.3333333333333,,,,,
32,25.404166666666665,2019-06-06 06:24:55.404167,6097,787.5,795.8333333333333,6010.0,6070,6124,225.0,250.0,6164.0,,279.1666666666667,,,,,
33,26.2,2019-06-06 06:24:56.200000,6288,795.8333333333333,795.8333333333333,6201.0,6261,6297,150.0,250.0,6356.0,,283.3333333333333,,,,,
34,26.995833333333334,2019-06-06 06:24:56.995833,6479,795.8333333333333,787.5,,6452,6488,150.0,,6546.0,,279.1666666666667,,,,,
35,27.783333333333335,2019-06-06 06:24:57.783333,6668,787.5,783.3333333333334,6581.0,6641,6677,150.0,250.0,6735.0,,279.1666666666667,,,,,
36,28.566666666666666,2019-06-06 06:24:58.566667,6856,783.3333333333334,775.0,6814.0,6830,6864,141.66666666666666,66.66666666666667,6923.0,,279.1666666666667,,,,,
37,29.341666666666665,2019-06-06 06:24:59.341667,7042,775.0,779.1666666666666,6955.0,7015,7051,150.0,250.0,7109.0,,279.1666666666667,,,,,
38,30.120833333333334,2019-06-06 06:25:00.120833,7229,779.1666666666666,770.8333333333334,7143.0,7203,7237,141.66666666666666,250.0,7295.0,,275.0,,,,,
39,30.891666666666666,2019-06-06 06:25:00.891667,7414,770.8333333333334,758.3333333333333,7328.0,7388,7422,141.66666666666666,250.0,7481.0,,279.1666666666667,,,,,
40,31.65,2019-06-06 06:25:01.650000,7596,758.3333333333333,754.1666666666666,7510.0,7569,7605,150.0,245.83333333333331,7664.0,,283.3333333333333,,,,,
41,32.40416666666667,2019-06-06 06:25:02.404167,7777,754.1666666666666,750.0,7691.0,7750,7785,145.83333333333334,245.83333333333331,7845.0,,283.3333333333333,,,,,
42,33.15416666666667,2019-06-06 06:25:03.154167,7957,750.0,745.8333333333334,7871.0,7930,7966,150.0,245.83333333333331,8025.0,8079.0,283.3333333333333,508.3333333333333,620.8333333333334,716.8765842437854,683.3155001184714,225.0
43,33.9,2019-06-06 06:25:03.900000,8136,745.8333333333334,762.5,8051.0,8110,8144,141.66666666666666,245.83333333333331,8204.0,,283.3333333333333,,,,,
44,34.6625,2019-06-06 06:25:04.662500,8319,762.5,762.5,8262.0,8292,8346,225.0,125.0,8387.0,,283.3333333333333,,,,,
45,35.425,2019-06-06 06:25:05.425000,8502,762.5,770.8333333333334,8416.0,8475,8511,150.0,245.83333333333331,8571.0,8629.0,287.5,529.1666666666666,641.6666666666667,734.8345290361309,702.3650020825688,241.66666666666666
46,36.19583333333333,2019-06-06 06:25:06.195833,8687,770.8333333333334,779.1666666666666,8601.0,8660,8696,150.0,245.83333333333331,8756.0,,287.5,,,,,
47,36.975,2019-06-06 06:25:06.975000,8874,779.1666666666666,779.1666666666666,8787.0,8847,8901,225.0,250.0,8942.0,,283.3333333333333,,,,,
48,37.75416666666667,2019-06-06 06:25:07.754167,9061,779.1666666666666,779.1666666666666,8975.0,9034,9088,225.0,245.83333333333331,9129.0,,283.3333333333333,,,,,
49,38.53333333333333,2019-06-06 06:25:08.533333,9248,779.1666666666666,754.1666666666666,9163.0,9222,9256,141.66666666666666,245.83333333333331,9314.0,,275.0,,,,,
50,39.2875,2019-06-06 06:25:09.287500,9429,754.1666666666666,775.0,9343.0,9402,9438,150.0,245.83333333333331,9497.0,,283.3333333333333,,,,,
51,40.0625,2019-06-06 06:25:10.062500,9615,775.0,775.0,9530.0,9589,9642,220.83333333333331,245.83333333333331,9684.0,,287.5,,,,,
52,40.8375,2019-06-06 06:25:10.837500,9801,775.0,766.6666666666667,9754.0,9774,9810,150.0,83.33333333333333,9869.0,,283.3333333333333,,,,,
53,41.604166666666664,2019-06-06 06:25:11.604167,9985,766.6666666666667,766.6666666666667,9899.0,9958,9994,150.0,245.83333333333331,10053.0,,283.3333333333333,,,,,
54,42.37083333333333,2019-06-06 06:25:12.370833,10169,766.6666666666667,766.6666666666667,10125.0,10143,10177,141.66666666666666,75.0,10236.0,,279.1666666666667,,,,,
55,43.1375,2019-06-06 06:25:13.137500,10353,766.6666666666667,770.8333333333334,10267.0,10326,10362,150.0,245.83333333333331,10420.0,,279.1666666666667,,,,,
56,43.90833333333333,2019-06-06 06:25:13.908333,10538,770.8333333333334,754.1666666666666,10451.0,10511,10547,150.0,250.0,10604.0,,275.0,,,,,
57,44.6625,2019-06-06 06:25:14.662500,10719,754.1666666666666,775.0,10633.0,10692,10728,150.0,245.83333333333331,10787.0,,283.3333333333333,,,,,
58,45.4375,2019-06-06 06:25:15.437500,10905,775.0,775.0,10818.0,10878,10914,150.0,250.0,10972.0,,279.1666666666667,,,,,
59,46.2125,2019-06-06 06:25:16.212500,11091,775.0,775.0,11004.0,11064,11100,150.0,250.0,11159.0,,283.3333333333333,,,,,
60,46.9875,2019-06-06 06:25:16.987500,11277,775.0,770.8333333333334,11190.0,11250,11286,150.0,250.0,11345.0,,283.3333333333333,,,,,
61,47.75833333333333,2019-06-06 06:25:17.758333,11462,770.8333333333334,762.5,11375.0,11435,11471,150.0,250.0,11529.0,,279.1666666666667,,,,,
62,48.520833333333336,2019-06-06 06:25:18.520833,11645,762.5,762.5,11559.0,11618,11654,150.0,245.83333333333331,11711.0,,275.0,,,,,
63,49.28333333333333,2019-06-06 06:25:19.283333,11828,762.5,766.6666666666667,11742.0,11801,11837,150.0,245.83333333333331,11896.0,,283.3333333333333,,,,,
64,50.05,2019-06-06 06:25:20.050000,12012,766.6666666666667,758.3333333333333,11926.0,11985,12021,150.0,245.83333333333331,12081.0,12134.0,287.5,508.3333333333333,620.8333333333334,709.0416322275329,678.3276179161192,220.83333333333331
65,50.80833333333333,2019-06-06 06:25:20.808333,12194,758.3333333333333,750.0,12108.0,12167,12203,150.0,245.83333333333331,12261.0,,279.1666666666667,,,,,
66,51.55833333333333,2019-06-06 06:25:21.558333,12374,750.0,750.0,12330.0,12347,12401,225.0,70.83333333333333,12442.0,,283.3333333333333,,,,,
67,52.30833333333333,2019-06-06 06:25:22.308333,12554,750.0,745.8333333333334,12509.0,12528,12580,216.66666666666669,79.16666666666666,12621.0,,279.1666666666667,,,,,
68,53.05416666666667,2019-06-06 06:25:23.054167,12733,745.8333333333334,750.0,12647.0,12706,12760,225.0,245.83333333333331,12802.0,,287.5,,,,,
69,53.80416666666667,2019-06-06 06:25:23.804167,12913,750.0,754.1666666666666,12828.0,12887,12940,220.83333333333331,245.83333333333331,12981.0,,283.3333333333333,,,,,
70,54.55833333333333,2019-06-06 06:25:24.558333,13094,754.1666666666666,758.3333333333333,13008.0,13067,13121,225.0,245.83333333333331,13162.0,,283.3333333333333,,,,,
71,55.31666666666667,2019-06-06 06:25:25.316667,13276,758.3333333333333,758.3333333333333,13191.0,13250,13303,220.83333333333331,245.83333333333331,13344.0,13404.0,283.3333333333333,533.3333333333334,641.6666666666667,736.850539762792,703.6490360233316,250.0
72,56.075,2019-06-06 06:25:26.075000,13458,758.3333333333333,716.6666666666666,13372.0,13431,13485,225.0,245.83333333333331,13592.0,,558.3333333333334,,,,,
73,56.791666666666664,2019-06-06 06:25:26.791667,13630,716.6666666666666,758.3333333333333,13577.0,13603,13647,183.33333333333331,108.33333333333334,13666.0,,150.0,,,,,
74,57.55,2019-06-06 06:25:27.550000,13812,758.3333333333333,770.8333333333334,13726.0,13785,13821,150.0,245.83333333333331,13881.0,,287.5,,,,,
75,58.32083333333333,2019-06-06 06:25:28.320833,13997,770.8333333333334,775.0,13940.0,13970,14024,225.0,125.0,14065.0,,283.3333333333333,,,,,
76,59.09583333333333,2019-06-06 06:25:29.095833,14183,775.0,766.6666666666667,14096.0,14156,14210,225.0,250.0,14252.0,,287.5,,,,,
77,59.8625,2019-06-06 06:25:29.862500,14367,766.6666666666667,775.0,14281.0,14340,14376,150.0,245.83333333333331,14435.0,,283.3333333333333,,,,,
78,60.6375,2019-06-06 06:25:30.637500,14553,775.0,775.0,14507.0,14527,14580,220.83333333333331,83.33333333333333,14620.0,,279.1666666666667,,,,,
79,61.4125,2019-06-06 06:25:31.412500,14739,775.0,783.3333333333334,14653.0,14712,14748,150.0,245.83333333333331,14807.0,,283.3333333333333,,,,,
80,62.19583333333333,2019-06-06 06:25:32.195833,14927,783.3333333333334,783.3333333333334,14840.0,14900,14936,150.0,250.0,14994.0,,279.1666666666667,,,,,
81,62.979166666666664,2019-06-06 06:25:32.979167,15115,783.3333333333334,775.0,15028.0,15088,15124,150.0,250.0,15182.0,,279.1666666666667,,,,,
82,63.75416666666667,2019-06-06 06:25:33.754167,15301,775.0,779.1666666666666,15214.0,15274,15310,150.0,250.0,15369.0,,283.3333333333333,,,,,
83,64.53333333333333,2019-06-06 06:25:34.533333,15488,779.1666666666666,779.1666666666666,15402.0,15462,15496,141.66666666666666,250.0,15553.0,,270.8333333333333,,,,,
84,65.3125,2019-06-06 06:25:35.312500,15675,779.1666666666666,779.1666666666666,15588.0,15648,15684,150.0,250.0,15742.0,,279.1666666666667,,,,,
85,66.09166666666667,2019-06-06 06:25:36.091667,15862,779.1666666666666,775.0,15776.0,15836,15870,141.66666666666666,250.0,15929.0,,279.1666666666667,,,,,
86,66.86666666666666,2019-06-06 06:25:36.866667,16048,775.0,758.3333333333333,16005.0,16022,16056,141.66666666666666,70.83333333333333,16116.0,,283.3333333333333,,,,,
87,67.625,2019-06-06 06:25:37.625000,16230,758.3333333333333,754.1666666666666,16143.0,16203,16239,150.0,250.0,16298.0,,283.3333333333333,,,,,
88,68.37916666666666,2019-06-06 06:25:38.379167,16411,754.1666666666666,766.6666666666667,16325.0,16384,16438,225.0,245.83333333333331,16479.0,,283.3333333333333,,,,,
89,69.14583333333333,2019-06-06 06:25:39.145833,16595,766.6666666666667,770.8333333333334,16509.0,16568,16622,225.0,245.83333333333331,16664.0,,287.5,,,,,
90,69.91666666666667,2019-06-06 06:25:39.916667,16780,770.8333333333334,775.0,16694.0,16753,16807,225.0,245.83333333333331,16848.0,,283.3333333333333,,,,,
91,70.69166666666666,2019-06-06 06:25:40.691667,16966,775.0,766.6666666666667,16880.0,16939,16993,225.0,245.83333333333331,17035.0,,287.5,,,,,
92,71.45833333333333,2019-06-06 06:25:41.458333,17150,766.6666666666667,779.1666666666666,17064.0,17123,17159,150.0,245.83333333333331,17218.0,,283.3333333333333,,,,,
93,72.2375,2019-06-06 06:25:42.237500,17337,779.1666666666666,766.6666666666667,17251.0,17311,17364,220.83333333333331,250.0,17406.0,,287.5,,,,,
94,73.00416666666666,2019-06-06 06:25:43.004167,17521,766.6666666666667,745.8333333333334,17477.0,17495,17547,216.66666666666669,75.0,17588.0,,279.1666666666667,,,,,
95,73.75,2019-06-06 06:25:43.750000,17700,745.8333333333334,750.0,17614.0,17673,17727,225.0,245.83333333333331,17769.0,,287.5,,,,,
96,74.5,2019-06-06 06:25:44.500000,17880,750.0,754.1666666666666,17837.0,17854,17907,220.83333333333331,70.83333333333333,17948.0,18000.0,283.3333333333333,500.0,608.3333333333333,702.4428275140447,669.5574699147436,216.66666666666669
97,75.25416666666666,2019-06-06 06:25:45.254167,18061,754.1666666666666,758.3333333333333,17975.0,18034,18088,225.0,245.83333333333331,18129.0,,283.3333333333333,,,,,
98,76.0125,2019-06-06 06:25:46.012500,18243,758.3333333333333,762.5,18183.0,18216,18270,225.0,137.5,18311.0,18368.0,283.3333333333333,520.8333333333334,633.3333333333333,727.2810522334051,694.5107368541974,237.5
99,76.775,2019-06-06 06:25:46.775000,18426,762.5,770.8333333333334,18340.0,18399,18435,150.0,245.83333333333331,18493.0,,279.1666666666667,,,,,
100,77.54583333333333,2019-06-06 06:25:47.545833,18611,770.8333333333334,775.0,18525.0,18584,18620,150.0,245.83333333333331,18658.0,,195.83333333333334,,,,,
101,78.32083333333334,2019-06-06 06:25:48.320833,18797,775.0,770.8333333333334,18743.0,18771,18805,141.66666666666666,116.66666666666667,18891.0,,391.6666666666667,,,,,
102,79.09166666666667,2019-06-06 06:25:49.091667,18982,770.8333333333334,766.6666666666667,18895.0,18955,18991,150.0,250.0,19082.0,,416.6666666666667,,,,,
103,79.85833333333333,2019-06-06 06:25:49.858333,19166,766.6666666666667,766.6666666666667,19080.0,19139,19175,150.0,245.83333333333331,19229.0,,262.5,,,,,
104,80.625,2019-06-06 06:25:50.625000,19350,766.6666666666667,762.5,19302.0,19324,19358,141.66666666666666,91.66666666666666,19415.0,19476.0,270.8333333333333,525.0,633.3333333333333,723.317638245537,691.9852209614102,254.16666666666666
105,81.3875,2019-06-06 06:25:51.387500,19533,762.5,766.6666666666667,19447.0,19506,19542,150.0,245.83333333333331,19601.0,19675.0,283.3333333333333,591.6666666666666,704.1666666666667,806.4093208253644,770.7771776100918,308.33333333333337
106,82.15416666666667,2019-06-06 06:25:52.154167,19717,766.6666666666667,754.1666666666666,19640.0,19691,19725,141.66666666666666,212.5,19794.0,,320.83333333333337,,,,,
107,82.90833333333333,2019-06-06 06:25:52.908333,19898,754.1666666666666,745.8333333333334,19842.0,19871,19907,150.0,120.83333333333333,19993.0,,395.8333333333333,,,,,
108,83.65416666666667,2019-06-06 06:25:53.654167,20077,745.8333333333334,750.0,19991.0,20050,20086,150.0,245.83333333333331,20143.0,20216.0,275.0,579.1666666666667,691.6666666666666,800.8956810924575,762.6926887879423,304.16666666666663
109,84.40416666666667,2019-06-06 06:25:54.404167,20257,750.0,750.0,20170.0,20230,20284,225.0,250.0,20300.0,,179.16666666666666,,,,,
110,85.15416666666667,2019-06-06 06:25:55.154167,20437,750.0,745.8333333333334,20391.0,20410,20446,150.0,79.16666666666666,20503.0,,275.0,,,,,
111,85.9,2019-06-06 06:25:55.900000,20616,745.8333333333334,725.0,20556.0,20589,20625,150.0,137.5,20685.0,,287.5,,,,,
112,86.625,2019-06-06 06:25:56.625000,20790,725.0,720.8333333333334,20707.0,20763,20799,150.0,233.33333333333334,20855.0,,270.8333333333333,,,,,
113,87.34583333333333,2019-06-06 06:25:57.345833,20963,720.8333333333334,866.6666666666667,20876.0,20936,20972,150.0,250.0,21100.0,,570.8333333333333,,,,,
114,88.2125,2019-06-06 06:25:58.212500,21171,866.6666666666667,591.6666666666666,21129.0,21150,21177,112.5,87.5,21301.0,,541.6666666666666,,,,,
115,88.80416666666666,2019-06-06 06:25:58.804167,21313,591.6666666666666,733.3333333333333,21227.0,21287,21332,187.5,250.0,21349.0,,150.0,,,,,
116,89.5375,2019-06-06 06:25:59.537500,21489,733.3333333333333,758.3333333333333,21433.0,21463,21497,141.66666666666666,125.0,21552.0,,262.5,,,,,
117,90.29583333333333,2019-06-06 06:26:00.295833,21671,758.3333333333333,708.3333333333334,21585.0,21644,21685,170.83333333333334,245.83333333333331,21707.0,,150.0,,,,,
118,91.00416666666666,2019-06-06 06:26:01.004167,21841,708.3333333333334,737.5,21789.0,21814,21868,225.0,104.16666666666667,21913.0,,300.0,,,,,
119,91.74166666666666,2019-06-06 06:26:01.741667,22018,737.5,733.3333333333333,21972.0,21991,22027,150.0,79.16666666666666,22064.0,,191.66666666666669,,,,,
120,92.475,2019-06-06 06:26:02.475000,22194,733.3333333333333,737.5,22115.0,22167,22221,225.0,216.66666666666669,22284.0,,375.0,,,,,
121,93.2125,2019-06-06 06:26:03.212500,22371,737.5,733.3333333333333,22285.0,22344,22380,150.0,245.83333333333331,22433.0,,258.33333333333337,,,,,
122,93.94583333333334,2019-06-06 06:26:03.945833,22547,733.3333333333333,737.5,22461.0,22520,22556,150.0,245.83333333333331,22646.0,,412.5,,,,,
123,94.68333333333334,2019-06-06 06:26:04.683333,22724,737.5,725.0,22675.0,22698,22732,141.66666666666666,95.83333333333334,22868.0,,600.0,,,,,
124,95.40833333333333,2019-06-06 06:26:05.408333,22898,725.0,537.5,22813.0,22872,22911,162.5,245.83333333333331,23016.0,,491.66666666666663,,,,,
125,95.94583333333334,2019-06-06 06:26:05.945833,23027,537.5,1841.6666666666665,22977.0,23000,23054,225.0,95.83333333333334,23063.0,,150.0,,,,,
126,97.7875,2019-06-06 06:26:07.787500,23469,1841.6666666666665,48320.833333333336,23406.0,23442,23477,145.83333333333334,150.0,23505.0,,150.0,,,,,
127,146.10833333333332,2019-06-06 06:26:56.108333,35066,48320.833333333336,633.3333333333333,35027.0,35060,35083,95.83333333333334,137.5,35112.0,,191.66666666666669,,,,,
128,146.74166666666667,2019-06-06 06:26:56.741667,35218,633.3333333333333,795.8333333333333,35132.0,35191,35225,141.66666666666666,245.83333333333331,35362.0,,600.0,,,,,
129,147.5375,2019-06-06 06:26:57.537500,35409,795.8333333333333,445.83333333333337,,35403,35436,137.5,,35446.0,,154.16666666666669,,,,,
130,147.98333333333332,2019-06-06 06:26:57.983333,35516,445.83333333333337,1079.1666666666665,35438.0,35497,35522,104.16666666666667,245.83333333333331,35562.0,,191.66666666666669,,,,,
131,149.0625,2019-06-06 06:26:59.062500,35775,1079.1666666666665,579.1666666666667,35689.0,35749,35802,220.83333333333331,250.0,35852.0,,320.83333333333337,,,,,
132,149.64166666666668,2019-06-06 06:26:59.641667,35914,579.1666666666667,462.5,35845.0,35904,35922,75.0,245.83333333333331,36023.0,,454.1666666666667,,,,,
133,150.10416666666666,2019-06-06 06:27:00.104167,36025,462.5,637.5,35939.0,35999,36051,216.66666666666669,250.0,36167.0,,591.6666666666666,,,,,
134,150.74166666666667,2019-06-06 06:27:00.741667,36178,637.5,570.8333333333333,36111.0,36151,36183,133.33333333333334,166.66666666666666,36281.0,,429.16666666666663,,,,,
135,151.3125,2019-06-06 06:27:01.312500,36315,570.8333333333333,570.8333333333333,36265.0,36305,36329,100.0,166.66666666666666,36407.0,,383.33333333333337,,,,,
136,151.88333333333333,2019-06-06 06:27:01.883333,36452,570.8333333333333,1195.8333333333333,36369.0,36428,36478,208.33333333333334,245.83333333333331,36596.0,,600.0,,,,,
137,153.07916666666668,2019-06-06 06:27:03.079167,36739,1195.8333333333333,775.0,36660.0,36713,36759,191.66666666666669,220.83333333333331,36835.0,,400.0,,,,,
138,153.85416666666666,2019-06-06 06:27:03.854167,36925,775.0,945.8333333333333,36855.0,36914,36951,154.16666666666669,245.83333333333331,37050.0,,520.8333333333334,,,,,
139,154.8,2019-06-06 06:27:04.800000,37152,945.8333333333333,512.5,,37126,37178,216.66666666666669,,37275.0,,512.5,,,,,
140,155.3125,2019-06-06 06:27:05.312500,37275,512.5,691.6666666666666,37216.0,37265,37301,150.0,204.16666666666666,37311.0,,150.0,,,,,
141,156.00416666666666,2019-06-06 06:27:06.004167,37441,691.6666666666666,545.8333333333333,37406.0,37434,37450,66.66666666666667,116.66666666666667,37550.0,,454.1666666666667,,,,,
142,156.55,2019-06-06 06:27:06.550000,37572,545.8333333333333,916.6666666666666,37504.0,37563,37585,91.66666666666666,245.83333333333331,37632.0,,250.0,,,,,
143,157.46666666666667,2019-06-06 06:27:07.466667,37792,916.6666666666666,783.3333333333334,37740.0,37778,37801,95.83333333333334,158.33333333333331,37828.0,,150.0,,,,,
144,158.25,2019-06-06 06:27:08.250000,37980,783.3333333333334,637.5,37918.0,37953,38007,225.0,145.83333333333334,38117.0,,570.8333333333333,,,,,
145,158.8875,2019-06-06 06:27:08.887500,38133,637.5,541.6666666666666,38070.0,38106,38148,175.0,150.0,38185.0,,216.66666666666669,,,,,
146,159.42916666666667,2019-06-06 06:27:09.429167,38263,541.6666666666666,612.5,38221.0,38253,38289,150.0,133.33333333333334,38407.0,,600.0,,,,,
147,160.04166666666666,2019-06-06 06:27:10.041667,38410,612.5,537.5,38340.0,38400,38423,95.83333333333334,250.0,38459.0,,204.16666666666666,,,,,
148,160.57916666666668,2019-06-06 06:27:10.579167,38539,537.5,612.5,38462.0,38522,38551,120.83333333333333,250.0,38681.0,,591.6666666666666,,,,,
149,161.19166666666666,2019-06-06 06:27:11.191667,38686,612.5,3525.0,38623.0,38659,38694,145.83333333333334,150.0,38722.0,,150.0,,,,,
150,164.71666666666667,2019-06-06 06:27:14.716667,39532,3525.0,454.1666666666667,39491.0,39525,39558,137.5,141.66666666666666,39568.0,,150.0,,,,,
151,165.17083333333332,2019-06-06 06:27:15.170833,39641,454.1666666666667,537.5,39575.0,39635,39646,45.83333333333333,250.0,39736.0,,395.8333333333333,,,,,
152,165.70833333333334,2019-06-06 06:27:15.708333,39770,537.5,570.8333333333333,39684.0,39743,39796,220.83333333333331,245.83333333333331,39908.0,,575.0,,,,,
153,166.27916666666667,2019-06-06 06:27:16.279167,39907,570.8333333333333,679.1666666666667,39853.0,39880,39934,225.0,112.5,40051.0,,600.0,,,,,
154,166.95833333333334,2019-06-06 06:27:16.958333,40070,679.1666666666667,875.0,39983.0,40043,40079,150.0,250.0,40106.0,,150.0,,,,,
155,167.83333333333334,2019-06-06 06:27:17.833333,40280,875.0,616.6666666666667,40214.0,40273,40288,62.5,245.83333333333331,40424.0,,600.0,,,,,
156,168.45,2019-06-06 06:27:18.450000,40428,616.6666666666667,933.3333333333334,,40402,40455,220.83333333333331,,40468.0,,166.66666666666666,,,,,
157,169.38333333333333,2019-06-06 06:27:19.383333,40652,933.3333333333334,937.5,40603.0,40632,40679,195.83333333333334,120.83333333333333,40743.0,,379.16666666666663,,,,,
158,170.32083333333333,2019-06-06 06:27:20.320833,40877,937.5,516.6666666666667,40805.0,40864,40890,108.33333333333334,245.83333333333331,41002.0,,520.8333333333334,,,,,
159,170.8375,2019-06-06 06:27:20.837500,41001,516.6666666666667,679.1666666666667,,40975,41028,220.83333333333331,,41072.0,41099.0,295.8333333333333,408.3333333333333,516.6666666666667,718.7952884282608,643.8830050933609,112.5
160,171.51666666666668,2019-06-06 06:27:21.516667,41164,679.1666666666667,600.0,41078.0,41138,41190,216.66666666666669,250.0,41308.0,,600.0,,,,,
161,172.11666666666667,2019-06-06 06:27:22.116667,41308,600.0,920.8333333333333,,41282,41334,216.66666666666669,,41422.0,,475.0,,,,,
162,173.0375,2019-06-06 06:27:23.037500,41529,920.8333333333333,1012.5,41454.0,41503,41555,216.66666666666669,204.16666666666666,41599.0,41618.0,291.6666666666667,370.83333333333337,479.1666666666667,499.3396846472851,492.522703459618,79.16666666666666
163,174.05,2019-06-06 06:27:24.050000,41772,1012.5,1058.3333333333333,41686.0,41746,41799,220.83333333333331,250.0,41857.0,,354.1666666666667,,,,,
164,175.10833333333332,2019-06-06 06:27:25.108333,42026,1058.3333333333333,695.8333333333333,41940.0,41999,42052,220.83333333333331,245.83333333333331,42109.0,42144.0,345.8333333333333,491.66666666666663,604.1666666666666,587.280421913803,592.856067414732,145.83333333333334
165,175.80416666666667,2019-06-06 06:27:25.804167,42193,695.8333333333333,700.0,42149.0,42186,42219,137.5,154.16666666666669,42277.0,,350.0,,,,,
166,176.50416666666666,2019-06-06 06:27:26.504167,42361,700.0,695.8333333333333,42275.0,42334,42387,220.83333333333331,245.83333333333331,42414.0,,220.83333333333331,,,,,
167,177.2,2019-06-06 06:27:27.200000,42528,695.8333333333333,733.3333333333333,42499.0,42521,42554,137.5,91.66666666666666,42672.0,,600.0,,,,,
168,177.93333333333334,2019-06-06 06:27:27.933333,42704,733.3333333333333,645.8333333333334,,42678,42731,220.83333333333331,,42774.0,,291.6666666666667,,,,,
169,178.57916666666668,2019-06-06 06:27:28.579167,42859,645.8333333333334,720.8333333333334,42773.0,42832,42885,220.83333333333331,245.83333333333331,42944.0,,354.1666666666667,,,,,
170,179.3,2019-06-06 06:27:29.300000,43032,720.8333333333334,1025.0,42946.0,43006,43058,216.66666666666669,250.0,43124.0,,383.33333333333337,,,,,
171,180.325,2019-06-06 06:27:30.325000,43278,1025.0,566.6666666666666,43218.0,43262,43287,104.16666666666667,183.33333333333331,43414.0,,566.6666666666666,,,,,
172,180.89166666666668,2019-06-06 06:27:30.891667,43414,566.6666666666666,870.8333333333334,,43387,43440,220.83333333333331,,43462.0,,200.0,,,,,
173,181.7625,2019-06-06 06:27:31.762500,43623,870.8333333333334,879.1666666666666,43555.0,43615,43649,141.66666666666666,250.0,43740.0,,487.5,,,,,
174,182.64166666666668,2019-06-06 06:27:32.641667,43834,879.1666666666666,475.0,43801.0,43825,43841,66.66666666666667,100.0,43978.0,,600.0,,,,,
175,183.11666666666667,2019-06-06 06:27:33.116667,43948,475.0,1087.5,43882.0,43942,43966,100.0,250.0,43984.0,,150.0,,,,,
176,184.20416666666668,2019-06-06 06:27:34.204167,44209,1087.5,683.3333333333334,44139.0,44198,44235,154.16666666666669,245.83333333333331,44298.0,,370.83333333333337,,,,,
177,184.8875,2019-06-06 06:27:34.887500,44373,683.3333333333334,1004.1666666666666,44307.0,44367,44387,83.33333333333333,250.0,44505.0,,550.0,,,,,
178,185.89166666666668,2019-06-06 06:27:35.891667,44614,1004.1666666666666,658.3333333333334,44528.0,44587,44622,145.83333333333334,245.83333333333331,44724.0,,458.3333333333333,,,,,
179,186.55,2019-06-06 06:27:36.550000,44772,658.3333333333334,662.5,44709.0,44765,44798,137.5,233.33333333333334,44821.0,,204.16666666666666,,,,,
180,187.2125,2019-06-06 06:27:37.212500,44931,662.5,700.0,44854.0,44905,44957,216.66666666666669,212.5,45047.0,,483.3333333333333,,,,,
181,187.9125,2019-06-06 06:27:37.912500,45099,700.0,683.3333333333334,45033.0,45092,45125,137.5,245.83333333333331,45180.0,,337.5,,,,,
182,188.59583333333333,2019-06-06 06:27:38.595833,45263,683.3333333333334,691.6666666666666,45197.0,45255,45289,141.66666666666666,241.66666666666666,45347.0,,350.0,,,,,
183,189.2875,2019-06-06 06:27:39.287500,45429,691.6666666666666,679.1666666666667,45343.0,45402,45455,220.83333333333331,245.83333333333331,45476.0,,195.83333333333334,,,,,
184,189.96666666666667,2019-06-06 06:27:39.966667,45592,679.1666666666667,704.1666666666667,45506.0,45565,45618,220.83333333333331,245.83333333333331,45674.0,,341.6666666666667,,,,,
185,190.67083333333332,2019-06-06 06:27:40.670833,45761,704.1666666666667,720.8333333333334,45695.0,45735,45787,216.66666666666669,166.66666666666666,45846.0,,354.1666666666667,,,,,
186,191.39166666666668,2019-06-06 06:27:41.391667,45934,720.8333333333334,1125.0,45868.0,45927,45960,137.5,245.83333333333331,46023.0,,370.83333333333337,,,,,
187,192.51666666666668,2019-06-06 06:27:42.516667,46204,1125.0,704.1666666666667,46138.0,46197,46212,62.5,245.83333333333331,46339.0,,562.5,,,,,
188,193.22083333333333,2019-06-06 06:27:43.220833,46373,704.1666666666667,1000.0,46327.0,46346,46399,220.83333333333331,79.16666666666666,46422.0,,204.16666666666666,,,,,
189,194.22083333333333,2019-06-06 06:27:44.220833,46613,1000.0,658.3333333333334,46552.0,46606,46639,137.5,225.0,46743.0,,541.6666666666666,,,,,
190,194.87916666666666,2019-06-06 06:27:44.879167,46771,658.3333333333334,679.1666666666667,46685.0,46744,46797,220.83333333333331,245.83333333333331,46884.0,,470.8333333333333,,,,,
191,195.55833333333334,2019-06-06 06:27:45.558333,46934,679.1666666666667,1070.8333333333333,46849.0,46908,46961,220.83333333333331,245.83333333333331,46991.0,,237.5,,,,,
192,196.62916666666666,2019-06-06 06:27:46.629167,47191,1070.8333333333333,712.5,47105.0,47164,47217,220.83333333333331,245.83333333333331,47274.0,,345.8333333333333,,,,,
193,197.34166666666667,2019-06-06 06:27:47.341667,47362,712.5,758.3333333333333,47277.0,47336,47389,220.83333333333331,245.83333333333331,47450.0,,366.66666666666663,,,,,
194,198.1,2019-06-06 06:27:48.100000,47544,758.3333333333333,1108.3333333333335,47478.0,47537,47570,137.5,245.83333333333331,47636.0,,383.33333333333337,,,,,
195,199.20833333333334,2019-06-06 06:27:49.208333,47810,1108.3333333333335,1645.8333333333333,47744.0,47803,47818,62.5,245.83333333333331,47923.0,,470.8333333333333,,,,,
196,200.85416666666666,2019-06-06 06:27:50.854167,48205,1645.8333333333333,1112.5,48119.0,48178,48231,220.83333333333331,245.83333333333331,48290.0,,354.1666666666667,,,,,
197,201.96666666666667,2019-06-06 06:27:51.966667,48472,1112.5,1062.5,48386.0,48445,48498,220.83333333333331,245.83333333333331,48589.0,,487.5,,,,,
198,203.02916666666667,2019-06-06 06:27:53.029167,48727,1062.5,704.1666666666667,48642.0,48701,48754,220.83333333333331,245.83333333333331,48812.0,,354.1666666666667,,,,,
199,203.73333333333332,2019-06-06 06:27:53.733333,48896,704.1666666666667,695.8333333333333,48811.0,48870,48923,220.83333333333331,245.83333333333331,48979.0,,345.8333333333333,,,,,
200,204.42916666666667,2019-06-06 06:27:54.429167,49063,695.8333333333333,733.3333333333333,48996.0,49055,49089,141.66666666666666,245.83333333333331,49151.0,,366.66666666666663,,,,,
201,205.1625,2019-06-06 06:27:55.162500,49239,733.3333333333333,1112.5,49172.0,49231,49266,145.83333333333334,245.83333333333331,49327.0,,366.66666666666663,,,,,
202,206.275,2019-06-06 06:27:56.275000,49506,1112.5,1083.3333333333333,49420.0,49479,49532,220.83333333333331,245.83333333333331,49595.0,,370.83333333333337,,,,,
203,207.35833333333332,2019-06-06 06:27:57.358333,49766,1083.3333333333333,1833.3333333333333,49680.0,49739,49792,220.83333333333331,245.83333333333331,49899.0,,554.1666666666667,,,,,
204,209.19166666666666,2019-06-06 06:27:59.191667,50206,1833.3333333333333,1791.6666666666667,50139.0,50199,50233,141.66666666666666,250.0,50242.0,,150.0,,,,,
205,210.98333333333332,2019-06-06 06:28:00.983333,50636,1791.6666666666667,562.5,50559.0,50618,50662,183.33333333333331,245.83333333333331,50740.0,,433.33333333333337,,,,,
206,211.54583333333332,2019-06-06 06:28:01.545833,50771,562.5,3158.333333333333,50686.0,50745,50798,220.83333333333331,245.83333333333331,50853.0,,341.6666666666667,,,,,
207,214.70416666666668,2019-06-06 06:28:04.704167,51529,3158.333333333333,708.3333333333334,,51503,51555,216.66666666666669,,51673.0,,600.0,,,,,
208,215.4125,2019-06-06 06:28:05.412500,51699,708.3333333333334,495.83333333333337,51629.0,51688,51724,150.0,245.83333333333331,51813.0,51837.0,475.0,575.0,620.8333333333334,737.6599195176224,696.4593932345612,100.0
209,215.90833333333333,2019-06-06 06:28:05.908333,51818,495.83333333333337,737.5,51770.0,51797,51826,120.83333333333333,112.5,51854.0,,150.0,,,,,
210,216.64583333333334,2019-06-06 06:28:06.645833,51995,737.5,758.3333333333333,51909.0,51968,52002,141.66666666666666,245.83333333333331,52139.0,,600.0,,,,,
211,217.40416666666667,2019-06-06 06:28:07.404167,52177,758.3333333333333,637.5,52108.0,52167,52203,150.0,245.83333333333331,52215.0,,158.33333333333331,,,,,
212,218.04166666666666,2019-06-06 06:28:08.041667,52330,637.5,966.6666666666666,52263.0,52323,52338,62.5,250.0,52407.0,,320.83333333333337,,,,,
213,219.00833333333333,2019-06-06 06:28:09.008333,52562,966.6666666666666,670.8333333333333,52476.0,52535,52588,220.83333333333331,245.83333333333331,52641.0,,329.1666666666667,,,,,
214,219.67916666666667,2019-06-06 06:28:09.679167,52723,670.8333333333333,1387.5,52638.0,52697,52750,220.83333333333331,245.83333333333331,52807.0,,350.0,,,,,
215,221.06666666666666,2019-06-06 06:28:11.066667,53056,1387.5,3045.8333333333335,52970.0,53029,53082,220.83333333333331,245.83333333333331,53192.0,,566.6666666666666,,,,,
216,224.1125,2019-06-06 06:28:14.112500,53787,3045.8333333333335,2379.166666666667,53726.0,53778,53813,145.83333333333334,216.66666666666669,53865.0,,325.0,,,,,
217,226.49166666666667,2019-06-06 06:28:16.491667,54358,2379.166666666667,870.8333333333334,54291.0,54351,54366,62.5,250.0,54490.0,,550.0,,,,,
218,227.3625,2019-06-06 06:28:17.362500,54567,870.8333333333334,625.0,54491.0,54541,54593,216.66666666666669,208.33333333333334,54650.0,54664.0,345.8333333333333,404.1666666666667,512.5,549.1947127712402,536.6801365400065,58.333333333333336
219,227.9875,2019-06-06 06:28:17.987500,54717,625.0,1033.3333333333335,54640.0,54690,54744,225.0,208.33333333333334,54760.0,,179.16666666666666,,,,,
220,229.02083333333334,2019-06-06 06:28:19.020833,54965,1033.3333333333335,466.6666666666667,,54939,54992,220.83333333333331,,55023.0,,241.66666666666666,,,,,
221,229.4875,2019-06-06 06:28:19.487500,55077,466.6666666666667,679.1666666666667,55027.0,55050,55103,220.83333333333331,95.83333333333334,55113.0,,150.0,,,,,
222,230.16666666666666,2019-06-06 06:28:20.166667,55240,679.1666666666667,1041.6666666666667,55179.0,55213,55266,220.83333333333331,141.66666666666666,55288.0,,200.0,,,,,
223,231.20833333333334,2019-06-06 06:28:21.208333,55490,1041.6666666666667,1391.6666666666665,55405.0,55464,55516,216.66666666666669,245.83333333333331,55603.0,,470.8333333333333,,,,,
224,232.6,2019-06-06 06:28:22.600000,55824,1391.6666666666665,4066.6666666666665,55738.0,55797,55850,220.83333333333331,245.83333333333331,55917.0,,387.5,,,,,
225,236.66666666666666,2019-06-06 06:28:26.666667,56800,4066.6666666666665,750.0,56714.0,56773,56826,220.83333333333331,245.83333333333331,56889.0,,370.83333333333337,,,,,
226,237.41666666666666,2019-06-06 06:28:27.416667,56980,750.0,1133.3333333333333,56894.0,56953,57006,220.83333333333331,245.83333333333331,57123.0,,595.8333333333334,,,,,
227,238.55,2019-06-06 06:28:28.550000,57252,1133.3333333333333,591.6666666666666,57166.0,57225,57278,220.83333333333331,245.83333333333331,57396.0,,600.0,,,,,
228,239.14166666666668,2019-06-06 06:28:29.141667,57394,591.6666666666666,575.0,57307.0,57367,57419,216.66666666666669,250.0,57431.0,,154.16666666666669,,,,,
229,239.71666666666667,2019-06-06 06:28:29.716667,57532,575.0,695.8333333333333,57493.0,57510,57556,191.66666666666669,70.83333333333333,57570.0,,158.33333333333331,,,,,
230,240.4125,2019-06-06 06:28:30.412500,57699,695.8333333333333,766.6666666666667,57626.0,57673,57726,220.83333333333331,195.83333333333334,57827.0,,533.3333333333334,,,,,
231,241.17916666666667,2019-06-06 06:28:31.179167,57883,766.6666666666667,1175.0,57808.0,57867,57910,179.16666666666666,245.83333333333331,57919.0,,150.0,,,,,
232,242.35416666666666,2019-06-06 06:28:32.354167,58165,1175.0,741.6666666666667,58079.0,58138,58192,225.0,245.83333333333331,58211.0,,191.66666666666669,,,,,
233,243.09583333333333,2019-06-06 06:28:33.095833,58343,741.6666666666667,1162.5,58272.0,58317,58370,220.83333333333331,187.5,58434.0,,379.16666666666663,,,,,
234,244.25833333333333,2019-06-06 06:28:34.258333,58622,1162.5,808.3333333333334,58536.0,58595,58648,220.83333333333331,245.83333333333331,58719.0,,404.1666666666667,,,,,
235,245.06666666666666,2019-06-06 06:28:35.066667,58816,808.3333333333334,791.6666666666666,58731.0,58790,58842,216.66666666666669,245.83333333333331,58911.0,,395.8333333333333,,,,,
236,245.85833333333332,2019-06-06 06:28:35.858333,59006,791.6666666666666,1191.6666666666667,58921.0,58980,59032,216.66666666666669,245.83333333333331,59101.0,,395.8333333333333,,,,,
237,247.05,2019-06-06 06:28:37.050000,59292,1191.6666666666667,770.8333333333334,59226.0,59285,59318,137.5,245.83333333333331,59384.0,,383.33333333333337,,,,,
238,247.82083333333333,2019-06-06 06:28:37.820833,59477,770.8333333333334,775.0,59391.0,59450,59503,220.83333333333331,245.83333333333331,59570.0,,387.5,,,,,
239,248.59583333333333,2019-06-06 06:28:38.595833,59663,775.0,766.6666666666667,59578.0,59637,59689,216.66666666666669,245.83333333333331,59755.0,,383.33333333333337,,,,,
240,249.3625,2019-06-06 06:28:39.362500,59847,766.6666666666667,750.0,59774.0,59821,59873,216.66666666666669,195.83333333333334,59938.0,,379.16666666666663,,,,,
241,250.1125,2019-06-06 06:28:40.112500,60027,750.0,729.1666666666666,59944.0,60001,60035,141.66666666666666,237.5,60168.0,,587.5,,,,,
242,250.84166666666667,2019-06-06 06:28:40.841667,60202,729.1666666666666,666.6666666666666,60137.0,60196,60229,137.5,245.83333333333331,60315.0,,470.8333333333333,,,,,
243,251.50833333333333,2019-06-06 06:28:41.508333,60362,666.6666666666666,1079.1666666666665,60276.0,60336,60389,220.83333333333331,250.0,60443.0,,337.5,,,,,
244,252.5875,2019-06-06 06:28:42.587500,60621,1079.1666666666665,783.3333333333334,60571.0,60594,60647,220.83333333333331,95.83333333333334,60714.0,,387.5,,,,,
245,253.37083333333334,2019-06-06 06:28:43.370833,60809,783.3333333333334,1162.5,60732.0,60783,60835,216.66666666666669,212.5,60902.0,,387.5,,,,,
246,254.53333333333333,2019-06-06 06:28:44.533333,61088,1162.5,775.0,61022.0,61081,61114,137.5,245.83333333333331,61181.0,,387.5,,,,,
247,255.30833333333334,2019-06-06 06:28:45.308333,61274,775.0,1133.3333333333333,61208.0,61267,61300,137.5,245.83333333333331,61366.0,,383.33333333333337,,,,,
248,256.44166666666666,2019-06-06 06:28:46.441667,61546,1133.3333333333333,762.5,61479.0,61538,61572,141.66666666666666,245.83333333333331,61637.0,,379.16666666666663,,,,,
249,257.20416666666665,2019-06-06 06:28:47.204167,61729,762.5,766.6666666666667,61643.0,61702,61755,220.83333333333331,245.83333333333331,61820.0,,379.16666666666663,,,,,
250,257.97083333333336,2019-06-06 06:28:47.970833,61913,766.6666666666667,1525.0,61847.0,61906,61939,137.5,245.83333333333331,62006.0,,387.5,,,,,
251,259.49583333333334,2019-06-06 06:28:49.495833,62279,1525.0,1104.1666666666667,62212.0,62271,62305,141.66666666666666,245.83333333333331,62368.0,,370.83333333333337,,,,,
252,260.6,2019-06-06 06:28:50.600000,62544,1104.1666666666667,3937.5,62477.0,62536,62570,141.66666666666666,245.83333333333331,62630.0,,358.3333333333333,,,,,
253,264.5375,2019-06-06 06:28:54.537500,63489,3937.5,670.8333333333333,63404.0,63463,63516,220.83333333333331,245.83333333333331,63601.0,,466.6666666666667,,,,,
254,265.2083333333333,2019-06-06 06:28:55.208333,63650,670.8333333333333,687.5,63564.0,63623,63676,220.83333333333331,245.83333333333331,63780.0,,541.6666666666666,,,,,
255,265.8958333333333,2019-06-06 06:28:55.895833,63815,687.5,675.0,63730.0,63789,63841,216.66666666666669,245.83333333333331,63944.0,,537.5,,,,,
256,266.5708333333333,2019-06-06 06:28:56.570833,63977,675.0,1358.3333333333335,63891.0,63950,64003,220.83333333333331,245.83333333333331,64026.0,,204.16666666666666,,,,,
257,267.9291666666667,2019-06-06 06:28:57.929167,64303,1358.3333333333335,683.3333333333334,64216.0,64276,64329,220.83333333333331,250.0,64415.0,,466.6666666666667,,,,,
258,268.6125,2019-06-06 06:28:58.612500,64467,683.3333333333334,3300.0,64399.0,64458,64493,145.83333333333334,245.83333333333331,64607.0,,583.3333333333334,,,,,
259,271.9125,2019-06-06 06:29:01.912500,65259,3300.0,708.3333333333334,65174.0,65233,65285,216.66666666666669,245.83333333333331,65343.0,,350.0,,,,,
260,272.62083333333334,2019-06-06 06:29:02.620833,65429,708.3333333333334,1425.0,65364.0,65403,65455,216.66666666666669,162.5,65516.0,,362.5,,,,,
261,274.04583333333335,2019-06-06 06:29:04.045833,65771,1425.0,1020.8333333333333,65685.0,65744,65797,220.83333333333331,245.83333333333331,65885.0,,475.0,,,,,
262,275.06666666666666,2019-06-06 06:29:05.066667,66016,1020.8333333333333,1037.5,65931.0,65990,66042,216.66666666666669,245.83333333333331,66147.0,,545.8333333333333,,,,,
263,276.1041666666667,2019-06-06 06:29:06.104167,66265,1037.5,829.1666666666667,66197.0,66238,66292,225.0,170.83333333333334,66409.0,,600.0,,,,,
264,276.93333333333334,2019-06-06 06:29:06.933333,66464,829.1666666666667,541.6666666666666,66378.0,66437,66489,216.66666666666669,245.83333333333331,66596.0,,550.0,,,,,
265,277.475,2019-06-06 06:29:07.475000,66594,541.6666666666666,620.8333333333334,66508.0,66568,66600,133.33333333333334,250.0,66631.0,,154.16666666666669,,,,,
266,278.09583333333336,2019-06-06 06:29:08.095833,66743,620.8333333333334,1033.3333333333335,66656.0,66716,66754,158.33333333333331,250.0,66779.0,,150.0,,,,,
267,279.12916666666666,2019-06-06 06:29:09.129167,66991,1033.3333333333335,3425.0,66946.0,66975,67018,179.16666666666666,120.83333333333333,67027.0,,150.0,,,,,
268,282.5541666666667,2019-06-06 06:29:12.554167,67813,3425.0,766.6666666666667,67727.0,67786,67839,220.83333333333331,245.83333333333331,67907.0,,391.6666666666667,,,,,
269,283.3208333333333,2019-06-06 06:29:13.320833,67997,766.6666666666667,720.8333333333334,67911.0,67970,68023,220.83333333333331,245.83333333333331,68083.0,,358.3333333333333,,,,,
270,284.0416666666667,2019-06-06 06:29:14.041667,68170,720.8333333333334,704.1666666666667,68085.0,68144,68196,216.66666666666669,245.83333333333331,68254.0,,350.0,,,,,
271,284.74583333333334,2019-06-06 06:29:14.745833,68339,704.1666666666667,1979.1666666666667,68255.0,68314,68365,212.5,245.83333333333331,68481.0,,591.6666666666666,,,,,
272,286.725,2019-06-06 06:29:16.725000,68814,1979.1666666666667,1691.6666666666667,68728.0,68787,68840,220.83333333333331,245.83333333333331,68895.0,,337.5,,,,,
273,288.4166666666667,2019-06-06 06:29:18.416667,69220,1691.6666666666667,7908.333333333333,69135.0,69194,69247,220.83333333333331,245.83333333333331,69304.0,,350.0,,,,,
274,296.325,2019-06-06 06:29:26.325000,71118,7908.333333333333,1016.6666666666666,71051.0,71110,71144,141.66666666666666,245.83333333333331,71231.0,,470.8333333333333,,,,,
275,297.34166666666664,2019-06-06 06:29:27.341667,71362,1016.6666666666666,691.6666666666666,71276.0,71335,71388,220.83333333333331,245.83333333333331,71445.0,,345.8333333333333,,,,,
276,298.03333333333336,2019-06-06 06:29:28.033333,71528,691.6666666666666,733.3333333333333,71443.0,71502,71555,220.83333333333331,245.83333333333331,71615.0,,362.5,,,,,
277,298.76666666666665,2019-06-06 06:29:28.766667,71704,733.3333333333333,1075.0,71654.0,71677,71730,220.83333333333331,95.83333333333334,71791.0,,362.5,,,,,
278,299.84166666666664,2019-06-06 06:29:29.841667,71962,1075.0,695.8333333333333,71915.0,71935,71988,220.83333333333331,83.33333333333333,72015.0,,220.83333333333331,,,,,
279,300.5375,2019-06-06 06:29:30.537500,72129,695.8333333333333,983.3333333333333,72050.0,72109,72137,116.66666666666667,245.83333333333331,72208.0,72231.0,329.1666666666667,425.0,508.3333333333333,609.390913477664,573.6497990905932,95.83333333333334
280,301.5208333333333,2019-06-06 06:29:31.520833,72365,983.3333333333333,1070.8333333333333,72290.0,72338,72391,220.83333333333331,200.0,72446.0,,337.5,,,,,
281,302.59166666666664,2019-06-06 06:29:32.591667,72622,1070.8333333333333,695.8333333333333,72536.0,72595,72648,220.83333333333331,245.83333333333331,72755.0,,554.1666666666667,,,,,
282,303.2875,2019-06-06 06:29:33.287500,72789,695.8333333333333,1325.0,72721.0,72780,72815,145.83333333333334,245.83333333333331,72900.0,,462.5,,,,,
283,304.6125,2019-06-06 06:29:34.612500,73107,1325.0,1045.8333333333335,73042.0,73101,73115,58.333333333333336,245.83333333333331,73190.0,,345.8333333333333,,,,,
284,305.65833333333336,2019-06-06 06:29:35.658333,73358,1045.8333333333335,1754.1666666666667,73295.0,73348,73367,79.16666666666666,220.83333333333331,73443.0,,354.1666666666667,,,,,
285,307.4125,2019-06-06 06:29:37.412500,73779,1754.1666666666667,562.5,73709.0,73768,73805,154.16666666666669,245.83333333333331,73915.0,,566.6666666666666,,,,,
286,307.975,2019-06-06 06:29:37.975000,73914,562.5,4916.666666666667,73843.0,73902,73934,133.33333333333334,245.83333333333331,73955.0,,170.83333333333334,,,,,
287,312.89166666666665,2019-06-06 06:29:42.891667,75094,4916.666666666667,683.3333333333334,,75068,75120,216.66666666666669,,75130.0,,150.0,,,,,
288,313.575,2019-06-06 06:29:43.575000,75258,683.3333333333334,670.8333333333333,75172.0,75231,75284,220.83333333333331,245.83333333333331,75294.0,,150.0,,,,,
289,314.24583333333334,2019-06-06 06:29:44.245833,75419,670.8333333333333,1258.3333333333333,75368.0,75392,75446,225.0,100.0,75459.0,,166.66666666666666,,,,,
290,315.50416666666666,2019-06-06 06:29:45.504167,75721,1258.3333333333333,683.3333333333334,75648.0,75695,75748,220.83333333333331,195.83333333333334,75802.0,,337.5,,,,,
291,316.1875,2019-06-06 06:29:46.187500,75885,683.3333333333334,750.0,75800.0,75859,75912,220.83333333333331,245.83333333333331,75974.0,,370.83333333333337,,,,,
292,316.9375,2019-06-06 06:29:46.937500,76065,750.0,1141.6666666666665,75980.0,76039,76091,216.66666666666669,245.83333333333331,76156.0,,379.16666666666663,,,,,
293,318.07916666666665,2019-06-06 06:29:48.079167,76339,1141.6666666666665,708.3333333333334,76253.0,76312,76366,225.0,245.83333333333331,76483.0,,600.0,,,,,
294,318.7875,2019-06-06 06:29:48.787500,76509,708.3333333333334,591.6666666666666,76424.0,76483,76535,216.66666666666669,245.83333333333331,76651.0,,591.6666666666666,,,,,
295,319.37916666666666,2019-06-06 06:29:49.379167,76651,591.6666666666666,870.8333333333334,,76624,76678,225.0,,76687.0,,150.0,,,,,
296,320.25,2019-06-06 06:29:50.250000,76860,870.8333333333334,1058.3333333333333,76803.0,76833,76886,220.83333333333331,125.0,77004.0,,600.0,,,,,
297,321.30833333333334,2019-06-06 06:29:51.308333,77114,1058.3333333333333,1204.1666666666665,77028.0,77087,77140,220.83333333333331,245.83333333333331,77258.0,,600.0,,,,,
298,322.5125,2019-06-06 06:29:52.512500,77403,1204.1666666666665,495.83333333333337,,77376,77430,225.0,,77439.0,,150.0,,,,,
299,323.0083333333333,2019-06-06 06:29:53.008333,77522,495.83333333333337,658.3333333333334,77436.0,77495,77548,220.83333333333331,245.83333333333331,77558.0,,150.0,,,,,
300,323.6666666666667,2019-06-06 06:29:53.666667,77680,658.3333333333334,704.1666666666667,77595.0,77654,77707,220.83333333333331,245.83333333333331,77731.0,,212.5,,,,,
301,324.37083333333334,2019-06-06 06:29:54.370833,77849,704.1666666666667,725.0,77764.0,77823,77876,220.83333333333331,245.83333333333331,77937.0,,366.66666666666663,,,,,
302,325.09583333333336,2019-06-06 06:29:55.095833,78023,725.0,720.8333333333334,77937.0,77996,78049,220.83333333333331,245.83333333333331,78109.0,,358.3333333333333,,,,,
303,325.81666666666666,2019-06-06 06:29:55.816667,78196,720.8333333333334,1408.3333333333335,78110.0,78169,78222,220.83333333333331,245.83333333333331,78280.0,,350.0,,,,,
304,327.225,2019-06-06 06:29:57.225000,78534,1408.3333333333335,6512.5,78488.0,78508,78560,216.66666666666669,83.33333333333333,78617.0,,345.8333333333333,,,,,
305,333.7375,2019-06-06 06:30:03.737500,80097,6512.5,666.6666666666666,80050.0,80071,80123,216.66666666666669,87.5,80208.0,,462.5,,,,,
306,334.40416666666664,2019-06-06 06:30:04.404167,80257,666.6666666666666,1016.6666666666666,80178.0,80234,80283,204.16666666666666,233.33333333333334,80386.0,,537.5,,,,,
307,335.42083333333335,2019-06-06 06:30:05.420833,80501,1016.6666666666666,704.1666666666667,80456.0,80475,80527,216.66666666666669,79.16666666666666,80584.0,,345.8333333333333,,,,,
308,336.125,2019-06-06 06:30:06.125000,80670,704.1666666666667,725.0,80584.0,80643,80696,220.83333333333331,245.83333333333331,80755.0,,354.1666666666667,,,,,
309,336.85,2019-06-06 06:30:06.850000,80844,725.0,745.8333333333334,80775.0,80817,80870,220.83333333333331,175.0,80932.0,,366.66666666666663,,,,,
310,337.59583333333336,2019-06-06 06:30:07.595833,81023,745.8333333333334,2295.8333333333335,80972.0,80996,81031,145.83333333333334,100.0,81114.0,,379.16666666666663,,,,,
311,339.89166666666665,2019-06-06 06:30:09.891667,81574,2295.8333333333335,1445.8333333333333,81522.0,81548,81600,216.66666666666669,108.33333333333334,81710.0,,566.6666666666666,,,,,
312,341.3375,2019-06-06 06:30:11.337500,81921,1445.8333333333333,1425.0,81873.0,81894,81947,220.83333333333331,87.5,82009.0,,366.66666666666663,,,,,
313,342.7625,2019-06-06 06:30:12.762500,82263,1425.0,720.8333333333334,82178.0,82237,82289,216.66666666666669,245.83333333333331,82348.0,,354.1666666666667,,,,,
314,343.48333333333335,2019-06-06 06:30:13.483333,82436,720.8333333333334,1758.3333333333333,82351.0,82410,82462,216.66666666666669,245.83333333333331,82523.0,,362.5,,,,,
315,345.2416666666667,2019-06-06 06:30:15.241667,82858,1758.3333333333333,1375.0,82773.0,82832,82884,216.66666666666669,245.83333333333331,82908.0,,208.33333333333334,,,,,
316,346.6166666666667,2019-06-06 06:30:16.616667,83188,1375.0,670.8333333333333,83102.0,83161,83214,220.83333333333331,245.83333333333331,83299.0,,462.5,,,,,
317,347.2875,2019-06-06 06:30:17.287500,83349,670.8333333333333,5729.166666666667,83264.0,83323,83376,220.83333333333331,245.83333333333331,83461.0,,466.6666666666667,,,,,
318,353.01666666666665,2019-06-06 06:30:23.016667,84724,5729.166666666667,683.3333333333334,84658.0,84717,84732,62.5,245.83333333333331,84774.0,,208.33333333333334,,,,,
319,353.7,2019-06-06 06:30:23.700000,84888,683.3333333333334,500.0,84817.0,84876,84914,158.33333333333331,245.83333333333331,84971.0,,345.8333333333333,,,,,
320,354.2,2019-06-06 06:30:24.200000,85008,500.0,13575.0,84936.0,84996,85028,133.33333333333334,250.0,85073.0,,270.8333333333333,,,,,
321,367.775,2019-06-06 06:30:37.775000,88266,13575.0,695.8333333333333,88200.0,88259,88279,83.33333333333333,245.83333333333331,88381.0,,479.1666666666667,,,,,
322,368.47083333333336,2019-06-06 06:30:38.470833,88433,695.8333333333333,1100.0,88347.0,88406,88459,220.83333333333331,245.83333333333331,88518.0,,354.1666666666667,,,,,
323,369.5708333333333,2019-06-06 06:30:39.570833,88697,1100.0,758.3333333333333,88632.0,88691,88724,137.5,245.83333333333331,88788.0,,379.16666666666663,,,,,
324,370.32916666666665,2019-06-06 06:30:40.329167,88879,758.3333333333333,762.5,88811.0,88870,88905,145.83333333333334,245.83333333333331,88971.0,,383.33333333333337,,,,,
325,371.09166666666664,2019-06-06 06:30:41.091667,89062,762.5,729.1666666666666,88976.0,89035,89088,220.83333333333331,245.83333333333331,89148.0,,358.3333333333333,,,,,
326,371.8208333333333,2019-06-06 06:30:41.820833,89237,729.1666666666666,1054.1666666666667,89187.0,89230,89263,137.5,179.16666666666666,89367.0,,541.6666666666666,,,,,
327,372.875,2019-06-06 06:30:42.875000,89490,1054.1666666666667,1450.0,89443.0,89464,89517,220.83333333333331,87.5,89578.0,89600.0,366.66666666666663,458.3333333333333,566.6666666666666,551.9160540320305,556.7897608544063,91.66666666666666
328,374.325,2019-06-06 06:30:44.325000,89838,1450.0,1070.8333333333333,89772.0,89831,89850,79.16666666666666,245.83333333333331,89874.0,,150.0,,,,,
329,375.3958333333333,2019-06-06 06:30:45.395833,90095,1070.8333333333333,1041.6666666666667,90047.0,90068,90122,225.0,87.5,90197.0,,425.0,,,,,
330,376.4375,2019-06-06 06:30:46.437500,90345,1041.6666666666667,708.3333333333334,90279.0,90338,90371,137.5,245.83333333333331,90439.0,90475.0,391.6666666666667,541.6666666666666,570.8333333333333,559.3001579354923,563.1184236387907,150.0
331,377.1458333333333,2019-06-06 06:30:47.145833,90515,708.3333333333334,1058.3333333333333,90430.0,90489,90542,220.83333333333331,245.83333333333331,90567.0,,216.66666666666669,,,,,
332,378.20416666666665,2019-06-06 06:30:48.204167,90769,1058.3333333333333,733.3333333333333,90682.0,90742,90795,220.83333333333331,250.0,90805.0,,150.0,,,,,
333,378.9375,2019-06-06 06:30:48.937500,90945,733.3333333333333,1716.6666666666665,90877.0,90936,90953,70.83333333333333,245.83333333333331,91047.0,,425.0,,,,,
334,380.65416666666664,2019-06-06 06:30:50.654167,91357,1716.6666666666665,1925.0,,91331,91384,220.83333333333331,,91401.0,,183.33333333333331,,,,,
335,382.57916666666665,2019-06-06 06:30:52.579167,91819,1925.0,508.3333333333333,91752.0,91809,91838,120.83333333333333,237.5,91941.0,,508.3333333333333,,,,,
336,383.0875,2019-06-06 06:30:53.087500,91941,508.3333333333333,1166.6666666666667,91914.0,91935,91967,133.33333333333334,87.5,91979.0,,158.33333333333331,,,,,
337,384.25416666666666,2019-06-06 06:30:54.254167,92221,1166.6666666666667,970.8333333333334,92155.0,92214,92239,104.16666666666667,245.83333333333331,92348.0,,529.1666666666666,,,,,
338,385.225,2019-06-06 06:30:55.225000,92454,970.8333333333334,662.5,92368.0,92427,92480,220.83333333333331,245.83333333333331,92532.0,,325.0,,,,,
339,385.8875,2019-06-06 06:30:55.887500,92613,662.5,775.0,92528.0,92587,92621,141.66666666666666,245.83333333333331,92711.0,,408.3333333333333,,,,,
340,386.6625,2019-06-06 06:30:56.662500,92799,775.0,741.6666666666667,92714.0,92773,92808,145.83333333333334,245.83333333333331,92921.0,,508.3333333333333,,,,,
341,387.40416666666664,2019-06-06 06:30:57.404167,92977,741.6666666666667,733.3333333333333,92911.0,92970,93003,137.5,245.83333333333331,93117.0,,583.3333333333334,,,,,
342,388.1375,2019-06-06 06:30:58.137500,93153,733.3333333333333,704.1666666666667,93087.0,93146,93161,62.5,245.83333333333331,93235.0,,341.6666666666667,,,,,
343,388.84166666666664,2019-06-06 06:30:58.841667,93322,704.1666666666667,1000.0,93236.0,93295,93349,225.0,245.83333333333331,93365.0,,179.16666666666666,,,,,
344,389.84166666666664,2019-06-06 06:30:59.841667,93562,1000.0,712.5,93517.0,93535,93588,220.83333333333331,75.0,93645.0,,345.8333333333333,,,,,
345,390.5541666666667,2019-06-06 06:31:00.554167,93733,712.5,775.0,93684.0,93707,93760,220.83333333333331,95.83333333333334,93826.0,,387.5,,,,,
346,391.32916666666665,2019-06-06 06:31:01.329167,93919,775.0,12604.166666666666,93866.0,93893,93945,216.66666666666669,112.5,94009.0,,375.0,,,,,
347,403.93333333333334,2019-06-06 06:31:13.933333,96944,12604.166666666666,1304.1666666666667,96867.0,96917,96970,220.83333333333331,208.33333333333334,97070.0,,525.0,,,,,
348,405.2375,2019-06-06 06:31:15.237500,97257,1304.1666666666667,691.6666666666666,97192.0,97251,97284,137.5,245.83333333333331,97338.0,,337.5,,,,,
349,405.9291666666667,2019-06-06 06:31:15.929167,97423,691.6666666666666,7541.666666666667,97337.0,97396,97449,220.83333333333331,245.83333333333331,97533.0,97565.0,458.3333333333333,591.6666666666666,704.1666666666667,846.6950869593638,796.2385144462476,133.33333333333334
350,413.47083333333336,2019-06-06 06:31:23.470833,99233,7541.666666666667,6404.166666666667,99148.0,99207,99260,220.83333333333331,245.83333333333331,99317.0,,350.0,,,,,
351,419.875,2019-06-06 06:31:29.875000,100770,6404.166666666667,1125.0,100684.0,100743,100796,220.83333333333331,245.83333333333331,100858.0,,366.66666666666663,,,,,
352,421.0,2019-06-06 06:31:31.000000,101040,1125.0,1579.1666666666665,100954.0,101013,101066,220.83333333333331,245.83333333333331,101131.0,,379.16666666666663,,,,,
353,422.57916666666665,2019-06-06 06:31:32.579167,101419,1579.1666666666665,800.0,101334.0,101393,101446,220.83333333333331,245.83333333333331,101516.0,,404.1666666666667,,,,,
354,423.37916666666666,2019-06-06 06:31:33.379167,101611,800.0,779.1666666666666,101525.0,101584,101637,220.83333333333331,245.83333333333331,101704.0,,387.5,,,,,
355,424.15833333333336,2019-06-06 06:31:34.158333,101798,779.1666666666666,2641.6666666666665,101732.0,101791,101824,137.5,245.83333333333331,101890.0,,383.33333333333337,,,,,
356,426.8,2019-06-06 06:31:36.800000,102432,2641.6666666666665,733.3333333333333,102364.0,102423,102440,70.83333333333333,245.83333333333331,102520.0,,366.66666666666663,,,,,
357,427.53333333333336,2019-06-06 06:31:37.533333,102608,733.3333333333333,741.6666666666667,102523.0,102582,102616,141.66666666666666,245.83333333333331,102696.0,,366.66666666666663,,,,,
358,428.275,2019-06-06 06:31:38.275000,102786,741.6666666666667,1495.8333333333333,102737.0,102760,102812,216.66666666666669,95.83333333333334,102822.0,,150.0,,,,,
359,429.7708333333333,2019-06-06 06:31:39.770833,103145,1495.8333333333333,754.1666666666666,103059.0,103118,103171,220.83333333333331,245.83333333333331,103235.0,,375.0,,,,,
360,430.525,2019-06-06 06:31:40.525000,103326,754.1666666666666,762.5,103275.0,103299,103352,220.83333333333331,100.0,103417.0,,379.16666666666663,,,,,
361,431.2875,2019-06-06 06:31:41.287500,103509,762.5,770.8333333333334,103444.0,103503,103535,133.33333333333334,245.83333333333331,103601.0,,383.33333333333337,,,,,
362,432.05833333333334,2019-06-06 06:31:42.058333,103694,770.8333333333334,770.8333333333334,103609.0,103668,103703,145.83333333333334,245.83333333333331,103786.0,,383.33333333333337,,,,,
363,432.82916666666665,2019-06-06 06:31:42.829167,103879,770.8333333333334,1162.5,103794.0,103853,103887,141.66666666666666,245.83333333333331,103971.0,,383.33333333333337,,,,,
364,433.9916666666667,2019-06-06 06:31:43.991667,104158,1162.5,1550.0,104072.0,104131,104166,145.83333333333334,245.83333333333331,104251.0,,387.5,,,,,
365,435.5416666666667,2019-06-06 06:31:45.541667,104530,1550.0,1137.5,104444.0,104503,104538,145.83333333333334,245.83333333333331,104620.0,,375.0,,,,,
366,436.6791666666667,2019-06-06 06:31:46.679167,104803,1137.5,1133.3333333333333,104730.0,104776,104829,220.83333333333331,191.66666666666669,104893.0,,375.0,,,,,
367,437.8125,2019-06-06 06:31:47.812500,105075,1133.3333333333333,1137.5,104990.0,105049,105101,216.66666666666669,245.83333333333331,105177.0,,425.0,,,,,
368,438.95,2019-06-06 06:31:48.950000,105348,1137.5,725.0,105262.0,105321,105374,220.83333333333331,245.83333333333331,105398.0,,208.33333333333334,,,,,
369,439.675,2019-06-06 06:31:49.675000,105522,725.0,729.1666666666666,105437.0,105496,105548,216.66666666666669,245.83333333333331,105609.0,,362.5,,,,,
370,440.40416666666664,2019-06-06 06:31:50.404167,105697,729.1666666666666,750.0,105650.0,105671,105723,216.66666666666669,87.5,105787.0,,375.0,,,,,
371,441.15416666666664,2019-06-06 06:31:51.154167,105877,750.0,762.5,105792.0,105851,105903,216.66666666666669,245.83333333333331,105968.0,,379.16666666666663,,,,,
372,441.9166666666667,2019-06-06 06:31:51.916667,106060,762.5,3845.833333333333,105974.0,106033,106086,220.83333333333331,245.83333333333331,106149.0,,370.83333333333337,,,,,
373,445.7625,2019-06-06 06:31:55.762500,106983,3845.833333333333,1025.0,106897.0,106956,106991,145.83333333333334,245.83333333333331,107065.0,,341.6666666666667,,,,,
374,446.7875,2019-06-06 06:31:56.787500,107229,1025.0,1008.3333333333333,107168.0,107222,107237,62.5,225.0,107340.0,,462.5,,,,,
375,447.79583333333335,2019-06-06 06:31:57.795833,107471,1008.3333333333333,983.3333333333333,107410.0,107444,107479,145.83333333333334,141.66666666666666,107598.0,,529.1666666666666,,,,,
376,448.77916666666664,2019-06-06 06:31:58.779167,107707,983.3333333333333,1329.1666666666665,107667.0,107698,107733,145.83333333333334,129.16666666666669,107787.0,,333.3333333333333,,,,,
377,450.10833333333335,2019-06-06 06:32:00.108333,108026,1329.1666666666665,966.6666666666666,107940.0,107999,108034,145.83333333333334,245.83333333333331,108135.0,,454.1666666666667,,,,,
378,451.075,2019-06-06 06:32:01.075000,108258,966.6666666666666,637.5,108172.0,108231,108266,145.83333333333334,245.83333333333331,108334.0,,316.66666666666663,,,,,
379,451.7125,2019-06-06 06:32:01.712500,108411,637.5,645.8333333333334,108325.0,108385,108439,225.0,250.0,108461.0,,208.33333333333334,,,,,
380,452.35833333333335,2019-06-06 06:32:02.358333,108566,645.8333333333334,645.8333333333334,108500.0,108559,108592,137.5,245.83333333333331,108644.0,,325.0,,,,,
381,453.00416666666666,2019-06-06 06:32:03.004167,108721,645.8333333333334,679.1666666666667,108654.0,108713,108747,141.66666666666666,245.83333333333331,108802.0,,337.5,,,,,
382,453.68333333333334,2019-06-06 06:32:03.683333,108884,679.1666666666667,1291.6666666666667,108806.0,108857,108910,220.83333333333331,212.5,108937.0,,220.83333333333331,,,,,
383,454.975,2019-06-06 06:32:04.975000,109194,1291.6666666666667,1270.8333333333333,109118.0,109177,109220,179.16666666666666,245.83333333333331,109301.0,,445.83333333333337,,,,,
384,456.24583333333334,2019-06-06 06:32:06.245833,109499,1270.8333333333333,641.6666666666667,109429.0,109488,109507,79.16666666666666,245.83333333333331,109606.0,,445.83333333333337,,,,,
385,456.8875,2019-06-06 06:32:06.887500,109653,641.6666666666667,658.3333333333334,109594.0,109645,109679,141.66666666666666,212.5,109732.0,,329.1666666666667,,,,,
386,457.54583333333335,2019-06-06 06:32:07.545833,109811,658.3333333333334,991.6666666666667,109726.0,109784,109837,220.83333333333331,241.66666666666666,109890.0,,329.1666666666667,,,,,
387,458.5375,2019-06-06 06:32:08.537500,110049,991.6666666666667,666.6666666666666,109973.0,110022,110075,220.83333333333331,204.16666666666666,110127.0,,325.0,,,,,
388,459.20416666666665,2019-06-06 06:32:09.204167,110209,666.6666666666666,679.1666666666667,110123.0,110182,110235,220.83333333333331,245.83333333333331,110290.0,,337.5,,,,,
389,459.8833333333333,2019-06-06 06:32:09.883333,110372,679.1666666666667,704.1666666666667,110286.0,110345,110398,220.83333333333331,245.83333333333331,110456.0,,350.0,,,,,
390,460.5875,2019-06-06 06:32:10.587500,110541,704.1666666666667,679.1666666666667,110456.0,110515,110567,216.66666666666669,245.83333333333331,110672.0,,545.8333333333333,,,,,
391,461.26666666666665,2019-06-06 06:32:11.266667,110704,679.1666666666667,1029.1666666666665,110619.0,110677,110730,220.83333333333331,241.66666666666666,110784.0,,333.3333333333333,,,,,
392,462.29583333333335,2019-06-06 06:32:12.295833,110951,1029.1666666666665,1062.5,110865.0,110924,110977,220.83333333333331,245.83333333333331,111036.0,,354.1666666666667,,,,,
393,463.35833333333335,2019-06-06 06:32:13.358333,111206,1062.5,1020.8333333333333,111160.0,111180,111232,216.66666666666669,83.33333333333333,111288.0,,341.6666666666667,,,,,
394,464.37916666666666,2019-06-06 06:32:14.379167,111451,1020.8333333333333,708.3333333333334,111365.0,111424,111477,220.83333333333331,245.83333333333331,111590.0,,579.1666666666667,,,,,
395,465.0875,2019-06-06 06:32:15.087500,111621,708.3333333333334,508.3333333333333,111535.0,111594,111647,220.83333333333331,245.83333333333331,111742.0,,504.16666666666663,,,,,
396,465.59583333333336,2019-06-06 06:32:15.595833,111743,508.3333333333333,1158.3333333333335,111673.0,111732,111751,79.16666666666666,245.83333333333331,111835.0,,383.33333333333337,,,,,
397,466.75416666666666,2019-06-06 06:32:16.754167,112021,1158.3333333333335,7212.5,111935.0,111994,112047,220.83333333333331,245.83333333333331,112099.0,,325.0,,,,,
398,473.96666666666664,2019-06-06 06:32:23.966667,113752,7212.5,637.5,113667.0,113726,113778,216.66666666666669,245.83333333333331,113828.0,,316.66666666666663,,,,,
399,474.6041666666667,2019-06-06 06:32:24.604167,113905,637.5,629.1666666666666,113845.0,113897,113931,141.66666666666666,216.66666666666669,113980.0,,312.5,,,,,
400,475.23333333333335,2019-06-06 06:32:25.233333,114056,629.1666666666666,625.0,113985.0,114030,114083,220.83333333333331,187.5,114104.0,,200.0,,,,,
401,475.85833333333335,2019-06-06 06:32:25.858333,114206,625.0,625.0,114151.0,114179,114232,220.83333333333331,116.66666666666667,114281.0,,312.5,,,,,
402,476.48333333333335,2019-06-06 06:32:26.483333,114356,625.0,1241.6666666666667,114271.0,114330,114383,220.83333333333331,245.83333333333331,114404.0,,200.0,,,,,
403,477.725,2019-06-06 06:32:27.725000,114654,1241.6666666666667,966.6666666666666,114583.0,114628,114681,220.83333333333331,187.5,114732.0,,325.0,,,,,
404,478.69166666666666,2019-06-06 06:32:28.691667,114886,966.6666666666666,1275.0,114819.0,114878,114913,145.83333333333334,245.83333333333331,114936.0,,208.33333333333334,,,,,
405,479.96666666666664,2019-06-06 06:32:29.966667,115192,1275.0,945.8333333333333,115121.0,115165,115218,220.83333333333331,183.33333333333331,115268.0,,316.66666666666663,,,,,
406,480.9125,2019-06-06 06:32:30.912500,115419,945.8333333333333,633.3333333333333,115348.0,115393,115445,216.66666666666669,187.5,115495.0,,316.66666666666663,,,,,
407,481.54583333333335,2019-06-06 06:32:31.545833,115571,633.3333333333333,966.6666666666666,115486.0,115545,115598,220.83333333333331,245.83333333333331,115649.0,,325.0,,,,,
408,482.5125,2019-06-06 06:32:32.512500,115803,966.6666666666666,983.3333333333333,115718.0,115777,115830,220.83333333333331,245.83333333333331,115881.0,,325.0,,,,,
409,483.49583333333334,2019-06-06 06:32:33.495833,116039,983.3333333333333,675.0,115954.0,116013,116065,216.66666666666669,245.83333333333331,116120.0,,337.5,,,,,
410,484.17083333333335,2019-06-06 06:32:34.170833,116201,675.0,666.6666666666666,116142.0,116174,116227,220.83333333333331,133.33333333333334,116280.0,,329.1666666666667,,,,,
411,484.8375,2019-06-06 06:32:34.837500,116361,666.6666666666666,687.5,116285.0,116335,116388,220.83333333333331,208.33333333333334,116443.0,,341.6666666666667,,,,,
412,485.525,2019-06-06 06:32:35.525000,116526,687.5,3545.8333333333335,116440.0,116499,116552,220.83333333333331,245.83333333333331,116606.0,,333.3333333333333,,,,,
413,489.0708333333333,2019-06-06 06:32:39.070833,117377,3545.8333333333335,945.8333333333333,117292.0,117351,117385,141.66666666666666,245.83333333333331,117453.0,,316.66666666666663,,,,,
414,490.01666666666665,2019-06-06 06:32:40.016667,117604,945.8333333333333,4600.0,117518.0,117577,117630,220.83333333333331,245.83333333333331,117706.0,,425.0,,,,,
415,494.6166666666667,2019-06-06 06:32:44.616667,118708,4600.0,2275.0,118623.0,118682,118735,220.83333333333331,245.83333333333331,118788.0,,333.3333333333333,,,,,
416,496.89166666666665,2019-06-06 06:32:46.891667,119254,2275.0,637.5,119181.0,119227,119280,220.83333333333331,191.66666666666669,119330.0,119348.0,316.66666666666663,391.6666666666667,504.16666666666663,334.25924516644704,383.3366368171472,75.0
417,497.52916666666664,2019-06-06 06:32:47.529167,119407,637.5,2254.166666666667,119329.0,119388,119433,187.5,245.83333333333331,119483.0,119546.0,316.66666666666663,579.1666666666667,658.3333333333334,824.5286499287802,764.9254585820629,262.5
418,499.78333333333336,2019-06-06 06:32:49.783333,119948,2254.166666666667,641.6666666666667,119880.0,119939,119956,70.83333333333333,245.83333333333331,119994.0,,191.66666666666669,,,,,
419,500.425,2019-06-06 06:32:50.425000,120102,641.6666666666667,979.1666666666666,120046.0,120075,120128,220.83333333333331,120.83333333333333,120178.0,,316.66666666666663,,,,,
420,501.40416666666664,2019-06-06 06:32:51.404167,120337,979.1666666666666,1966.6666666666665,120252.0,120311,120363,216.66666666666669,245.83333333333331,120447.0,,458.3333333333333,,,,,
421,503.37083333333334,2019-06-06 06:32:53.370833,120809,1966.6666666666665,975.0,120723.0,120782,120835,220.83333333333331,245.83333333333331,120917.0,,450.0,,,,,
422,504.34583333333336,2019-06-06 06:32:54.345833,121043,975.0,654.1666666666666,120957.0,121016,121069,220.83333333333331,245.83333333333331,121175.0,,550.0,,,,,
423,505.0,2019-06-06 06:32:55.000000,121200,654.1666666666666,954.1666666666667,121133.0,121192,121227,145.83333333333334,245.83333333333331,121278.0,,325.0,,,,,
424,505.95416666666665,2019-06-06 06:32:55.954167,121429,954.1666666666667,650.0,121390.0,121423,121456,137.5,137.5,121480.0,,212.5,,,,,
425,506.6041666666667,2019-06-06 06:32:56.604167,121585,650.0,975.0,121510.0,121558,121611,220.83333333333331,200.0,121662.0,,320.83333333333337,,,,,
426,507.57916666666665,2019-06-06 06:32:57.579167,121819,975.0,987.5,121733.0,121792,121845,220.83333333333331,245.83333333333331,121898.0,,329.1666666666667,,,,,
427,508.56666666666666,2019-06-06 06:32:58.566667,122056,987.5,650.0,121988.0,122047,122082,145.83333333333334,245.83333333333331,122134.0,,325.0,,,,,
428,509.21666666666664,2019-06-06 06:32:59.216667,122212,650.0,954.1666666666667,122127.0,122186,122238,216.66666666666669,245.83333333333331,122336.0,,516.6666666666667,,,,,
429,510.17083333333335,2019-06-06 06:33:00.170833,122441,954.1666666666667,650.0,122355.0,122414,122467,220.83333333333331,245.83333333333331,122519.0,,325.0,,,,,
430,510.8208333333333,2019-06-06 06:33:00.820833,122597,650.0,675.0,122512.0,122571,122623,216.66666666666669,245.83333333333331,122677.0,,333.3333333333333,,,,,
431,511.49583333333334,2019-06-06 06:33:01.495833,122759,675.0,675.0,122714.0,122733,122786,220.83333333333331,79.16666666666666,122841.0,,341.6666666666667,,,,,
432,512.1708333333333,2019-06-06 06:33:02.170833,122921,675.0,979.1666666666666,122846.0,122894,122947,220.83333333333331,200.0,123000.0,,329.1666666666667,,,,,
433,513.15,2019-06-06 06:33:03.150000,123156,979.1666666666666,1025.0,123074.0,123130,123183,220.83333333333331,233.33333333333334,123236.0,,333.3333333333333,,,,,
434,514.175,2019-06-06 06:33:04.175000,123402,1025.0,666.6666666666666,123356.0,123375,123428,220.83333333333331,79.16666666666666,123481.0,,329.1666666666667,,,,,
435,514.8416666666667,2019-06-06 06:33:04.841667,123562,666.6666666666666,675.0,123518.0,123536,123589,220.83333333333331,75.0,123642.0,,333.3333333333333,,,,,
436,515.5166666666667,2019-06-06 06:33:05.516667,123724,675.0,675.0,123678.0,123697,123750,220.83333333333331,79.16666666666666,123804.0,,333.3333333333333,,,,,
437,516.1916666666667,2019-06-06 06:33:06.191667,123886,675.0,700.0,123840.0,123859,123912,220.83333333333331,79.16666666666666,123969.0,,345.8333333333333,,,,,
438,516.8916666666667,2019-06-06 06:33:06.891667,124054,700.0,700.0,123968.0,124027,124080,220.83333333333331,245.83333333333331,124138.0,,350.0,,,,,
439,517.5916666666667,2019-06-06 06:33:07.591667,124222,700.0,1033.3333333333335,124175.0,124195,124248,220.83333333333331,83.33333333333333,124307.0,,354.1666666666667,,,,,
440,518.625,2019-06-06 06:33:08.625000,124470,1033.3333333333335,9529.166666666666,124404.0,124463,124496,137.5,245.83333333333331,124581.0,124606.0,462.5,566.6666666666666,595.8333333333334,586.144340731908,589.3563710767721,104.16666666666667
441,528.1541666666667,2019-06-06 06:33:18.154167,126757,9529.166666666666,654.1666666666666,126672.0,126730,126783,220.83333333333331,241.66666666666666,126886.0,,537.5,,,,,
442,528.8083333333333,2019-06-06 06:33:18.808333,126914,654.1666666666666,658.3333333333334,126839.0,126888,126940,216.66666666666669,204.16666666666666,126992.0,,325.0,,,,,
443,529.4666666666667,2019-06-06 06:33:19.466667,127072,658.3333333333334,637.5,127010.0,127065,127095,125.0,229.16666666666666,127168.0,,400.0,,,,,
444,530.1041666666666,2019-06-06 06:33:20.104167,127225,637.5,983.3333333333333,127155.0,127198,127233,145.83333333333334,179.16666666666666,127332.0,,445.83333333333337,,,,,
445,531.0875,2019-06-06 06:33:21.087500,127461,983.3333333333333,679.1666666666667,127385.0,127434,127487,220.83333333333331,204.16666666666666,127542.0,,337.5,,,,,
446,531.7666666666667,2019-06-06 06:33:21.766667,127624,679.1666666666667,683.3333333333334,127579.0,127597,127650,220.83333333333331,75.0,127706.0,,341.6666666666667,,,,,
447,532.45,2019-06-06 06:33:22.450000,127788,683.3333333333334,1012.5,127703.0,127762,127815,220.83333333333331,245.83333333333331,127868.0,,333.3333333333333,,,,,
448,533.4625,2019-06-06 06:33:23.462500,128031,1012.5,691.6666666666666,127971.0,128004,128057,220.83333333333331,137.5,128113.0,,341.6666666666667,,,,,
449,534.1541666666667,2019-06-06 06:33:24.154167,128197,691.6666666666666,1037.5,128150.0,128171,128224,220.83333333333331,87.5,128280.0,,345.8333333333333,,,,,
450,535.1916666666667,2019-06-06 06:33:25.191667,128446,1037.5,704.1666666666667,128361.0,128420,128473,220.83333333333331,245.83333333333331,128530.0,,350.0,,,,,
451,535.8958333333334,2019-06-06 06:33:25.895833,128615,704.1666666666667,704.1666666666667,128529.0,128588,128641,220.83333333333331,245.83333333333331,128698.0,,345.8333333333333,,,,,
452,536.6,2019-06-06 06:33:26.600000,128784,704.1666666666667,729.1666666666666,128719.0,128757,128810,220.83333333333331,158.33333333333331,128872.0,,366.66666666666663,,,,,
453,537.3291666666667,2019-06-06 06:33:27.329167,128959,729.1666666666666,695.8333333333333,128873.0,128932,128985,220.83333333333331,245.83333333333331,129043.0,,350.0,,,,,
454,538.025,2019-06-06 06:33:28.025000,129126,695.8333333333333,658.3333333333334,129040.0,129099,129134,145.83333333333334,245.83333333333331,129252.0,,525.0,,,,,
455,538.6833333333333,2019-06-06 06:33:28.683333,129284,658.3333333333334,691.6666666666666,129199.0,129258,129292,141.66666666666666,245.83333333333331,129397.0,,470.8333333333333,,,,,
456,539.375,2019-06-06 06:33:29.375000,129450,691.6666666666666,720.8333333333334,129364.0,129423,129458,145.83333333333334,245.83333333333331,129568.0,,491.66666666666663,,,,,
457,540.0958333333333,2019-06-06 06:33:30.095833,129623,720.8333333333334,1054.1666666666667,,129597,129649,216.66666666666669,,129705.0,,341.6666666666667,,,,,
458,541.15,2019-06-06 06:33:31.150000,129876,1054.1666666666667,2550.0,129826.0,129850,129902,216.66666666666669,100.0,130015.0,,579.1666666666667,,,,,
459,543.7,2019-06-06 06:33:33.700000,130488,2550.0,2337.5,,130461,130514,220.83333333333331,,130524.0,,150.0,,,,,
460,546.0375,2019-06-06 06:33:36.037500,131049,2337.5,891.6666666666667,130981.0,131040,131075,145.83333333333334,245.83333333333331,131160.0,,462.5,,,,,
461,546.9291666666667,2019-06-06 06:33:36.929167,131263,891.6666666666667,825.0,131195.0,131254,131281,112.5,245.83333333333331,131407.0,,600.0,,,,,
462,547.7541666666667,2019-06-06 06:33:37.754167,131461,825.0,1762.5,131384.0,131444,131476,133.33333333333334,250.0,131577.0,,483.3333333333333,,,,,
463,549.5166666666667,2019-06-06 06:33:39.516667,131884,1762.5,3916.6666666666665,131811.0,131870,131902,133.33333333333334,245.83333333333331,132028.0,,600.0,,,,,
464,553.4333333333333,2019-06-06 06:33:43.433333,132824,3916.6666666666665,679.1666666666667,132738.0,132798,132851,220.83333333333331,250.0,132860.0,,150.0,,,,,
465,554.1125,2019-06-06 06:33:44.112500,132987,679.1666666666667,1237.5,132923.0,132982,132995,54.16666666666667,245.83333333333331,133037.0,,208.33333333333334,,,,,
466,555.35,2019-06-06 06:33:45.350000,133284,1237.5,1037.5,133258.0,133278,133292,58.333333333333336,83.33333333333333,133414.0,,541.6666666666666,,,,,
467,556.3875,2019-06-06 06:33:46.387500,133533,1037.5,729.1666666666666,,133506,133559,220.83333333333331,,133569.0,,150.0,,,,,
468,557.1166666666667,2019-06-06 06:33:47.116667,133708,729.1666666666666,1416.6666666666667,133656.0,133681,133734,220.83333333333331,104.16666666666667,133843.0,,562.5,,,,,
469,558.5333333333333,2019-06-06 06:33:48.533333,134048,1416.6666666666667,670.8333333333333,133963.0,134022,134056,141.66666666666666,245.83333333333331,134165.0,,487.5,,,,,
470,559.2041666666667,2019-06-06 06:33:49.204167,134209,670.8333333333333,866.6666666666667,134146.0,134182,134235,220.83333333333331,150.0,134307.0,,408.3333333333333,,,,,
471,560.0708333333333,2019-06-06 06:33:50.070833,134417,866.6666666666667,470.8333333333333,,134391,134443,216.66666666666669,,134561.0,,600.0,,,,,
472,560.5416666666666,2019-06-06 06:33:50.541667,134530,470.8333333333333,691.6666666666666,134444.0,134503,134556,220.83333333333331,245.83333333333331,134643.0,134663.0,470.8333333333333,554.1666666666667,666.6666666666666,971.5723351145205,856.9451141808664,83.33333333333333
473,561.2333333333333,2019-06-06 06:33:51.233333,134696,691.6666666666666,670.8333333333333,134633.0,134691,134712,87.5,241.66666666666666,134732.0,,150.0,,,,,
474,561.9041666666667,2019-06-06 06:33:51.904167,134857,670.8333333333333,616.6666666666667,,134831,134883,216.66666666666669,,134893.0,,150.0,,,,,
475,562.5208333333334,2019-06-06 06:33:52.520833,135005,616.6666666666667,483.3333333333333,134919.0,134978,135032,225.0,245.83333333333331,135089.0,,350.0,,,,,
476,563.0041666666667,2019-06-06 06:33:53.004167,135121,483.3333333333333,1075.0,135067.0,135100,135132,133.33333333333334,137.5,135220.0,,412.5,,,,,
477,564.0791666666667,2019-06-06 06:33:54.079167,135379,1075.0,650.0,135324.0,135353,135393,166.66666666666666,120.83333333333333,135506.0,,529.1666666666666,,,,,
478,564.7291666666666,2019-06-06 06:33:54.729167,135535,650.0,533.3333333333334,,135523,135561,158.33333333333331,,135625.0,,375.0,,,,,
479,565.2625,2019-06-06 06:33:55.262500,135663,533.3333333333334,604.1666666666666,135579.0,135638,135690,216.66666666666669,245.83333333333331,135699.0,,150.0,,,,,
480,565.8666666666667,2019-06-06 06:33:55.866667,135808,604.1666666666666,1050.0,135723.0,135782,135834,216.66666666666669,245.83333333333331,135905.0,,404.1666666666667,,,,,
481,566.9166666666666,2019-06-06 06:33:56.916667,136060,1050.0,1020.8333333333333,135999.0,136034,136086,216.66666666666669,145.83333333333334,136141.0,,337.5,,,,,
482,567.9375,2019-06-06 06:33:57.937500,136305,1020.8333333333333,691.6666666666666,136258.0,136278,136331,220.83333333333331,83.33333333333333,136388.0,,345.8333333333333,,,,,
483,568.6291666666667,2019-06-06 06:33:58.629167,136471,691.6666666666666,695.8333333333333,136411.0,136444,136497,220.83333333333331,137.5,136555.0,,350.0,,,,,
484,569.325,2019-06-06 06:33:59.325000,136638,695.8333333333333,666.6666666666666,136572.0,136631,136664,137.5,245.83333333333331,136766.0,,533.3333333333334,,,,,
485,569.9916666666667,2019-06-06 06:33:59.991667,136798,666.6666666666666,1133.3333333333333,136713.0,136772,136825,220.83333333333331,245.83333333333331,136936.0,,575.0,,,,,
486,571.125,2019-06-06 06:34:01.125000,137070,1133.3333333333333,2204.1666666666665,137044.0,137061,137096,145.83333333333334,70.83333333333333,137106.0,,150.0,,,,,
487,573.3291666666667,2019-06-06 06:34:03.329167,137599,2204.1666666666665,1000.0,137519.0,137573,137608,145.83333333333334,225.0,137743.0,,600.0,,,,,
488,574.3291666666667,2019-06-06 06:34:04.329167,137839,1000.0,679.1666666666667,,137812,137866,225.0,,137875.0,,150.0,,,,,
489,575.0083333333333,2019-06-06 06:34:05.008333,138002,679.1666666666667,1025.0,137953.0,137976,138029,220.83333333333331,95.83333333333334,138134.0,,550.0,,,,,
490,576.0333333333333,2019-06-06 06:34:06.033333,138248,1025.0,700.0,138186.0,138221,138274,220.83333333333331,145.83333333333334,138331.0,,345.8333333333333,,,,,
491,576.7333333333333,2019-06-06 06:34:06.733333,138416,700.0,1041.6666666666667,138330.0,138389,138442,220.83333333333331,245.83333333333331,138499.0,,345.8333333333333,,,,,
492,577.775,2019-06-06 06:34:07.775000,138666,1041.6666666666667,1037.5,138580.0,138639,138692,220.83333333333331,245.83333333333331,138758.0,,383.33333333333337,,,,,
493,578.8125,2019-06-06 06:34:08.812500,138915,1037.5,700.0,138829.0,138888,138941,220.83333333333331,245.83333333333331,138997.0,,341.6666666666667,,,,,
494,579.5125,2019-06-06 06:34:09.512500,139083,700.0,720.8333333333334,138997.0,139056,139109,220.83333333333331,245.83333333333331,139169.0,,358.3333333333333,,,,,
495,580.2333333333333,2019-06-06 06:34:10.233333,139256,720.8333333333334,704.1666666666667,139171.0,139230,139282,216.66666666666669,245.83333333333331,139341.0,,354.1666666666667,,,,,
496,580.9375,2019-06-06 06:34:10.937500,139425,704.1666666666667,720.8333333333334,139340.0,139399,139452,220.83333333333331,245.83333333333331,139510.0,,354.1666666666667,,,,,
497,581.6583333333333,2019-06-06 06:34:11.658333,139598,720.8333333333334,737.5,139549.0,139572,139625,220.83333333333331,95.83333333333334,139688.0,,375.0,,,,,
498,582.3958333333334,2019-06-06 06:34:12.395833,139775,737.5,725.0,139690.0,139749,139801,216.66666666666669,245.83333333333331,139861.0,,358.3333333333333,,,,,
499,583.1208333333333,2019-06-06 06:34:13.120833,139949,725.0,2612.5,139863.0,139922,139975,220.83333333333331,245.83333333333331,140038.0,,370.83333333333337,,,,,
500,585.7333333333333,2019-06-06 06:34:15.733333,140576,2612.5,695.8333333333333,140490.0,140549,140602,220.83333333333331,245.83333333333331,140625.0,,204.16666666666666,,,,,
501,586.4291666666667,2019-06-06 06:34:16.429167,140743,695.8333333333333,716.6666666666666,140657.0,140716,140769,220.83333333333331,245.83333333333331,140827.0,,350.0,,,,,
502,587.1458333333334,2019-06-06 06:34:17.145833,140915,716.6666666666666,1062.5,140829.0,140888,140941,220.83333333333331,245.83333333333331,140999.0,,350.0,,,,,
503,588.2083333333334,2019-06-06 06:34:18.208333,141170,1062.5,1095.8333333333335,141103.0,141144,141197,220.83333333333331,170.83333333333334,141310.0,,583.3333333333334,,,,,
504,589.3041666666667,2019-06-06 06:34:19.304167,141433,1095.8333333333335,1287.5,141364.0,141406,141460,225.0,175.0,141577.0,,600.0,,,,,
505,590.5916666666667,2019-06-06 06:34:20.591667,141742,1287.5,745.8333333333334,141678.0,141729,141768,162.5,212.5,141778.0,,150.0,,,,,
506,591.3375,2019-06-06 06:34:21.337500,141921,745.8333333333334,712.5,141836.0,141895,141947,216.66666666666669,245.83333333333331,142065.0,,600.0,,,,,
507,592.05,2019-06-06 06:34:22.050000,142092,712.5,658.3333333333334,142041.0,142066,142113,195.83333333333334,104.16666666666667,142212.0,,500.0,,,,,
508,592.7083333333334,2019-06-06 06:34:22.708333,142250,658.3333333333334,566.6666666666666,142183.0,142243,142258,62.5,250.0,142386.0,,566.6666666666666,,,,,
509,593.275,2019-06-06 06:34:23.275000,142386,566.6666666666666,1062.5,,142359,142413,225.0,,142435.0,,204.16666666666666,,,,,
510,594.3375,2019-06-06 06:34:24.337500,142641,1062.5,1362.5,142556.0,142615,142668,220.83333333333331,245.83333333333331,142693.0,,216.66666666666669,,,,,
511,595.7,2019-06-06 06:34:25.700000,142968,1362.5,666.6666666666666,142907.0,142943,142994,212.5,150.0,143004.0,,150.0,,,,,
512,596.3666666666667,2019-06-06 06:34:26.366667,143128,666.6666666666666,1016.6666666666666,143050.0,143102,143155,220.83333333333331,216.66666666666669,143177.0,,204.16666666666666,,,,,
513,597.3833333333333,2019-06-06 06:34:27.383333,143372,1016.6666666666666,712.5,143287.0,143346,143399,220.83333333333331,245.83333333333331,143457.0,,354.1666666666667,,,,,
514,598.0958333333333,2019-06-06 06:34:28.095833,143543,712.5,1054.1666666666667,143457.0,143516,143569,220.83333333333331,245.83333333333331,143629.0,,358.3333333333333,,,,,
515,599.15,2019-06-06 06:34:29.150000,143796,1054.1666666666667,716.6666666666666,143711.0,143770,143822,216.66666666666669,245.83333333333331,143881.0,,354.1666666666667,,,,,
516,599.8666666666667,2019-06-06 06:34:29.866667,143968,716.6666666666666,,143882.0,143941,143994,220.83333333333331,245.83333333333331,,,,,,,,
